Library;(pair of) chromosome(s);ID;nbPS;nbA;nbB;left_borderA;right_borderA;deltaA;cen_posA;left_borderB;right_borderB;deltaB;cen_posB;SV_size_min;SV_size_max;p-balanced;cov;AvrQual;pval;PS;str1;chr1;pos1;str2;chr2;pos2;L
example.bam;chr16-chr5;4;516;247;269;781569;781569;0;NiNi;116029;116029;0;NiNi;-1;-1;0.918215613383;NA;25.0;0;AZOTE_61WKLAAXX_61WKLAAXX:1:18:9875:5628#0;-;chr16;768524;+;chr5;116715;0
example.bam;chr16-chr5;4;516;247;269;781569;781569;0;NiNi;116029;116029;0;NiNi;-1;-1;0.918215613383;NA;25.0;0;AZOTE_61WKLAAXX_61WKLAAXX:1:27:18410:6784#0;-;chr16;769933;+;chr5;116994;0
example.bam;chr16-chr5;4;516;247;269;781569;781569;0;NiNi;116029;116029;0;NiNi;-1;-1;0.918215613383;NA;25.0;0;AZOTE_61WKLAAXX_61WKLAAXX:1:8:16027:17642#0;-;chr16;769022;+;chr5;116784;0
example.bam;chr16-chr5;4;516;247;269;781569;781569;0;NiNi;116029;116029;0;NiNi;-1;-1;0.918215613383;NA;25.0;0;AZOTE_61WKLAAXX_61WKLAAXX:1:87:12775:10195#0;-;chr16;770322;+;chr5;116171;0
example.bam;chr16-chr5;4;516;247;269;781569;781569;0;NiNi;116029;116029;0;NiNi;-1;-1;0.918215613383;NA;25.0;0;AZOTE_61WKLAAXX_61WKLAAXX:1:71:4959:9785#0;-;chr16;768106;+;chr5;116120;0
example.bam;chr16-chr5;4;516;247;269;781569;781569;0;NiNi;116029;116029;0;NiNi;-1;-1;0.918215613383;NA;25.0;0;AZOTE_61WKLAAXX_61WKLAAXX:1:13:4230:15621#0;-;chr16;768425;+;chr5;116356;0
example.bam;chr16-chr5;4;516;247;269;781569;781569;0;NiNi;116029;116029;0;NiNi;-1;-1;0.918215613383;NA;25.0;0;AZOTE_61WKLAAXX_61WKLAAXX:1:47:4810:9551#0;-;chr16;768769;+;chr5;116869;0
example.bam;chr16-chr5;4;516;247;269;781569;781569;0;NiNi;116029;116029;0;NiNi;-1;-1;0.918215613383;NA;25.0;0;AZOTE_61WKLAAXX_61WKLAAXX:1:75:2578:17162#0;-;chr16;768626;+;chr5;116781;0
example.bam;chr16-chr5;4;516;247;269;781569;781569;0;NiNi;116029;116029;0;NiNi;-1;-1;0.918215613383;NA;25.0;0;AZOTE_61WKLAAXX_61WKLAAXX:1:109:12004:13429#0;-;chr16;768594;+;chr5;116856;0
example.bam;chr16-chr5;4;516;247;269;781569;781569;0;NiNi;116029;116029;0;NiNi;-1;-1;0.918215613383;NA;25.0;0;AZOTE_61WKLAAXX_61WKLAAXX:1:96:2085:6682#0;-;chr16;768314;+;chr5;116412;0
example.bam;chr16-chr5;4;516;247;269;781569;781569;0;NiNi;116029;116029;0;NiNi;-1;-1;0.918215613383;NA;25.0;0;AZOTE_61WKLAAXX_61WKLAAXX:1:22:10622:11229#0;-;chr16;768977;+;chr5;116859;0
example.bam;chr16-chr5;4;516;247;269;781569;781569;0;NiNi;116029;116029;0;NiNi;-1;-1;0.918215613383;NA;25.0;0;AZOTE_61WKLAAXX_61WKLAAXX:1:76:10614:7696#0;-;chr16;768956;+;chr5;116851;0
example.bam;chr16-chr5;4;516;247;269;781569;781569;0;NiNi;116029;116029;0;NiNi;-1;-1;0.918215613383;NA;25.0;0;AZOTE_61WKLAAXX_61WKLAAXX:1:87:14513:19127#0;-;chr16;768748;+;chr5;116215;0
example.bam;chr16-chr5;4;516;247;269;781569;781569;0;NiNi;116029;116029;0;NiNi;-1;-1;0.918215613383;NA;25.0;0;AZOTE_61WKLAAXX_61WKLAAXX:1:95:13080:17858#0;-;chr16;768685;+;chr5;116516;0
example.bam;chr16-chr5;4;516;247;269;781569;781569;0;NiNi;116029;116029;0;NiNi;-1;-1;0.918215613383;NA;25.0;0;AZOTE_61WKLAAXX_61WKLAAXX:1:54:18760:18913#0;-;chr16;769994;+;chr5;116972;0
example.bam;chr16-chr5;4;516;247;269;781569;781569;0;NiNi;116029;116029;0;NiNi;-1;-1;0.918215613383;NA;25.0;0;AZOTE_61WKLAAXX_61WKLAAXX:1:45:10477:6117#0;-;chr16;768540;+;chr5;116139;0
example.bam;chr16-chr5;4;516;247;269;781569;781569;0;NiNi;116029;116029;0;NiNi;-1;-1;0.918215613383;NA;25.0;0;AZOTE_61WKLAAXX_61WKLAAXX:1:70:8646:1279#0;-;chr16;768379;+;chr5;116806;0
example.bam;chr16-chr5;4;516;247;269;781569;781569;0;NiNi;116029;116029;0;NiNi;-1;-1;0.918215613383;NA;25.0;0;AZOTE_61WKLAAXX_61WKLAAXX:1:5:12533:5501#0;-;chr16;768569;+;chr5;116498;0
example.bam;chr16-chr5;4;516;247;269;781569;781569;0;NiNi;116029;116029;0;NiNi;-1;-1;0.918215613383;NA;25.0;0;AZOTE_61WKLAAXX_61WKLAAXX:1:85:7824:14167#0;-;chr16;768749;+;chr5;116800;0
example.bam;chr16-chr5;4;516;247;269;781569;781569;0;NiNi;116029;116029;0;NiNi;-1;-1;0.918215613383;NA;25.0;0;AZOTE_61WKLAAXX_61WKLAAXX:1:106:3623:12478#0;-;chr16;768954;+;chr5;116784;0
example.bam;chr16-chr5;4;516;247;269;781569;781569;0;NiNi;116029;116029;0;NiNi;-1;-1;0.918215613383;NA;25.0;0;AZOTE_61WKLAAXX_61WKLAAXX:1:21:2132:6180#0;-;chr16;768358;+;chr5;116332;0
example.bam;chr16-chr5;4;516;247;269;781569;781569;0;NiNi;116029;116029;0;NiNi;-1;-1;0.918215613383;NA;25.0;0;AZOTE_61WKLAAXX_61WKLAAXX:1:116:6257:3225#0;-;chr16;768149;+;chr5;116321;0
example.bam;chr16-chr5;4;516;247;269;781569;781569;0;NiNi;116029;116029;0;NiNi;-1;-1;0.918215613383;NA;25.0;0;AZOTE_61WKLAAXX_61WKLAAXX:1:93:15095:6956#0;-;chr16;768110;+;chr5;116182;0
example.bam;chr16-chr5;4;516;247;269;781569;781569;0;NiNi;116029;116029;0;NiNi;-1;-1;0.918215613383;NA;25.0;0;AZOTE_61WKLAAXX_61WKLAAXX:1:7:3165:13820#0;-;chr16;768000;+;chr5;116162;0
example.bam;chr16-chr5;4;516;247;269;781569;781569;0;NiNi;116029;116029;0;NiNi;-1;-1;0.918215613383;NA;25.0;0;AZOTE_61WKLAAXX_61WKLAAXX:1:15:1931:17810#0;-;chr16;768687;+;chr5;116323;0
example.bam;chr16-chr5;4;516;247;269;781569;781569;0;NiNi;116029;116029;0;NiNi;-1;-1;0.918215613383;NA;25.0;0;AZOTE_61WKLAAXX_61WKLAAXX:1:61:12407:11276#0;-;chr16;769484;+;chr5;116257;0
example.bam;chr16-chr5;4;516;247;269;781569;781569;0;NiNi;116029;116029;0;NiNi;-1;-1;0.918215613383;NA;25.0;0;AZOTE_61WKLAAXX_61WKLAAXX:1:62:7987:4694#0;-;chr16;768611;+;chr5;116493;0
example.bam;chr16-chr5;4;516;247;269;781569;781569;0;NiNi;116029;116029;0;NiNi;-1;-1;0.918215613383;NA;25.0;0;AZOTE_61WKLAAXX_61WKLAAXX:1:15:5045:14518#0;-;chr16;768776;+;chr5;116487;0
example.bam;chr16-chr5;4;516;247;269;781569;781569;0;NiNi;116029;116029;0;NiNi;-1;-1;0.918215613383;NA;25.0;0;AZOTE_61WKLAAXX_61WKLAAXX:1:112:14330:13811#0;-;chr16;768424;+;chr5;116284;0
example.bam;chr16-chr5;4;516;247;269;781569;781569;0;NiNi;116029;116029;0;NiNi;-1;-1;0.918215613383;NA;25.0;0;AZOTE_61WKLAAXX_61WKLAAXX:1:63:17120:8361#0;-;chr16;768344;+;chr5;116341;0
example.bam;chr16-chr5;4;516;247;269;781569;781569;0;NiNi;116029;116029;0;NiNi;-1;-1;0.918215613383;NA;25.0;0;AZOTE_61WKLAAXX_61WKLAAXX:1:105:13984:12726#0;-;chr16;768248;+;chr5;116181;0
example.bam;chr16-chr5;4;516;247;269;781569;781569;0;NiNi;116029;116029;0;NiNi;-1;-1;0.918215613383;NA;25.0;0;AZOTE_61WKLAAXX_61WKLAAXX:1:62:18041:2180#0;-;chr16;767911;+;chr5;116227;0
example.bam;chr16-chr5;4;516;247;269;781569;781569;0;NiNi;116029;116029;0;NiNi;-1;-1;0.918215613383;NA;25.0;0;AZOTE_61WKLAAXX_61WKLAAXX:1:97:8523:15126#0;-;chr16;768337;+;chr5;116175;0
example.bam;chr16-chr5;4;516;247;269;781569;781569;0;NiNi;116029;116029;0;NiNi;-1;-1;0.918215613383;NA;25.0;0;AZOTE_61WKLAAXX_61WKLAAXX:1:94:16905:20641#0;-;chr16;768535;+;chr5;116179;0
example.bam;chr16-chr5;4;516;247;269;781569;781569;0;NiNi;116029;116029;0;NiNi;-1;-1;0.918215613383;NA;25.0;0;AZOTE_61WKLAAXX_61WKLAAXX:1:5:16744:6291#0;-;chr16;768742;+;chr5;116468;0
example.bam;chr16-chr5;4;516;247;269;781569;781569;0;NiNi;116029;116029;0;NiNi;-1;-1;0.918215613383;NA;25.0;0;AZOTE_61WKLAAXX_61WKLAAXX:1:19:9050:8047#0;-;chr16;768416;+;chr5;116137;0
example.bam;chr16-chr5;4;516;247;269;781569;781569;0;NiNi;116029;116029;0;NiNi;-1;-1;0.918215613383;NA;25.0;0;AZOTE_61WKLAAXX_61WKLAAXX:1:88:14641:7945#0;-;chr16;769292;+;chr5;116832;0
example.bam;chr16-chr5;4;516;247;269;781569;781569;0;NiNi;116029;116029;0;NiNi;-1;-1;0.918215613383;NA;25.0;0;AZOTE_61WKLAAXX_61WKLAAXX:1:66:3055:8426#0;-;chr16;768577;+;chr5;116463;0
example.bam;chr16-chr5;4;516;247;269;781569;781569;0;NiNi;116029;116029;0;NiNi;-1;-1;0.918215613383;NA;25.0;0;AZOTE_61WKLAAXX_61WKLAAXX:1:6:5705:20441#0;-;chr16;769027;+;chr5;116708;0
example.bam;chr16-chr5;4;516;247;269;781569;781569;0;NiNi;116029;116029;0;NiNi;-1;-1;0.918215613383;NA;25.0;0;AZOTE_61WKLAAXX_61WKLAAXX:1:115:14365:1568#0;-;chr16;769491;+;chr5;116882;0
example.bam;chr16-chr5;4;516;247;269;781569;781569;0;NiNi;116029;116029;0;NiNi;-1;-1;0.918215613383;NA;25.0;0;AZOTE_61WKLAAXX_61WKLAAXX:1:4:19643:13384#0;-;chr16;768144;+;chr5;116149;0
example.bam;chr16-chr5;4;516;247;269;781569;781569;0;NiNi;116029;116029;0;NiNi;-1;-1;0.918215613383;NA;25.0;0;AZOTE_61WKLAAXX_61WKLAAXX:1:39:4576:18306#0;-;chr16;769109;+;chr5;116874;0
example.bam;chr16-chr5;4;516;247;269;781569;781569;0;NiNi;116029;116029;0;NiNi;-1;-1;0.918215613383;NA;25.0;0;AZOTE_61WKLAAXX_61WKLAAXX:1:23:12639:10048#0;-;chr16;769485;+;chr5;116884;0
example.bam;chr16-chr5;4;516;247;269;781569;781569;0;NiNi;116029;116029;0;NiNi;-1;-1;0.918215613383;NA;25.0;0;AZOTE_61WKLAAXX_61WKLAAXX:1:95:18517:17978#0;-;chr16;768535;+;chr5;116317;0
example.bam;chr16-chr5;4;516;247;269;781569;781569;0;NiNi;116029;116029;0;NiNi;-1;-1;0.918215613383;NA;25.0;0;AZOTE_61WKLAAXX_61WKLAAXX:1:42:2216:17093#0;-;chr16;769000;+;chr5;116939;0
example.bam;chr16-chr5;4;516;247;269;781569;781569;0;NiNi;116029;116029;0;NiNi;-1;-1;0.918215613383;NA;25.0;0;AZOTE_61WKLAAXX_61WKLAAXX:1:89:11762:9298#0;-;chr16;768673;+;chr5;116691;0
example.bam;chr16-chr5;4;516;247;269;781569;781569;0;NiNi;116029;116029;0;NiNi;-1;-1;0.918215613383;NA;25.0;0;AZOTE_61WKLAAXX_61WKLAAXX:1:114:11083:20223#0;-;chr16;769135;+;chr5;116656;0
example.bam;chr16-chr5;4;516;247;269;781569;781569;0;NiNi;116029;116029;0;NiNi;-1;-1;0.918215613383;NA;25.0;0;AZOTE_61WKLAAXX_61WKLAAXX:1:34:7761:5849#0;-;chr16;768702;+;chr5;116649;0
example.bam;chr16-chr5;4;516;247;269;781569;781569;0;NiNi;116029;116029;0;NiNi;-1;-1;0.918215613383;NA;25.0;0;AZOTE_61WKLAAXX_61WKLAAXX:1:52:11116:18753#0;-;chr16;770680;+;chr5;116171;0
example.bam;chr16-chr5;4;516;247;269;781569;781569;0;NiNi;116029;116029;0;NiNi;-1;-1;0.918215613383;NA;25.0;0;AZOTE_61WKLAAXX_61WKLAAXX:1:37:16852:17946#0;-;chr16;768974;+;chr5;116306;0
example.bam;chr16-chr5;4;516;247;269;781569;781569;0;NiNi;116029;116029;0;NiNi;-1;-1;0.918215613383;NA;25.0;0;AZOTE_61WKLAAXX_61WKLAAXX:1:79:1744:15172#0;-;chr16;768835;+;chr5;116379;0
example.bam;chr16-chr5;4;516;247;269;781569;781569;0;NiNi;116029;116029;0;NiNi;-1;-1;0.918215613383;NA;25.0;0;AZOTE_61WKLAAXX_61WKLAAXX:1:73:14081:2332#0;-;chr16;769156;+;chr5;116523;0
example.bam;chr16-chr5;4;516;247;269;781569;781569;0;NiNi;116029;116029;0;NiNi;-1;-1;0.918215613383;NA;25.0;0;AZOTE_61WKLAAXX_61WKLAAXX:1:53:14978:16009#0;-;chr16;768209;+;chr5;116265;0
example.bam;chr16-chr5;4;516;247;269;781569;781569;0;NiNi;116029;116029;0;NiNi;-1;-1;0.918215613383;NA;25.0;0;AZOTE_61WKLAAXX_61WKLAAXX:1:15:10409:18700#0;-;chr16;769308;+;chr5;116834;0
example.bam;chr16-chr5;4;516;247;269;781569;781569;0;NiNi;116029;116029;0;NiNi;-1;-1;0.918215613383;NA;25.0;0;AZOTE_61WKLAAXX_61WKLAAXX:1:79:9194:12873#0;-;chr16;768766;+;chr5;116931;0
example.bam;chr16-chr5;4;516;247;269;781569;781569;0;NiNi;116029;116029;0;NiNi;-1;-1;0.918215613383;NA;25.0;0;AZOTE_61WKLAAXX_61WKLAAXX:1:22:1680:17188#0;-;chr16;768602;+;chr5;116300;0
example.bam;chr16-chr5;4;516;247;269;781569;781569;0;NiNi;116029;116029;0;NiNi;-1;-1;0.918215613383;NA;25.0;0;AZOTE_61WKLAAXX_61WKLAAXX:1:86:9370:7175#0;-;chr16;768992;+;chr5;116844;0
example.bam;chr16-chr5;4;516;247;269;781569;781569;0;NiNi;116029;116029;0;NiNi;-1;-1;0.918215613383;NA;25.0;0;AZOTE_61WKLAAXX_61WKLAAXX:1:3:14388:21209#0;-;chr16;768544;+;chr5;116380;0
example.bam;chr16-chr5;4;516;247;269;781569;781569;0;NiNi;116029;116029;0;NiNi;-1;-1;0.918215613383;NA;25.0;0;AZOTE_61WKLAAXX_61WKLAAXX:1:3:8182:20732#0;-;chr16;768211;+;chr5;116199;0
example.bam;chr16-chr5;4;516;247;269;781569;781569;0;NiNi;116029;116029;0;NiNi;-1;-1;0.918215613383;NA;25.0;0;AZOTE_61WKLAAXX_61WKLAAXX:1:81:18510:13952#0;-;chr16;769516;+;chr5;116990;0
example.bam;chr16-chr5;4;516;247;269;781569;781569;0;NiNi;116029;116029;0;NiNi;-1;-1;0.918215613383;NA;25.0;0;AZOTE_61WKLAAXX_61WKLAAXX:1:107:4693:6992#0;-;chr16;768592;+;chr5;116769;0
example.bam;chr16-chr5;4;516;247;269;781569;781569;0;NiNi;116029;116029;0;NiNi;-1;-1;0.918215613383;NA;25.0;0;AZOTE_61WKLAAXX_61WKLAAXX:1:8:8041:12623#0;-;chr16;768763;+;chr5;116268;0
example.bam;chr16-chr5;4;516;247;269;781569;781569;0;NiNi;116029;116029;0;NiNi;-1;-1;0.918215613383;NA;25.0;0;AZOTE_61WKLAAXX_61WKLAAXX:1:11:3440:5720#0;-;chr16;768487;+;chr5;116682;0
example.bam;chr16-chr5;4;516;247;269;781569;781569;0;NiNi;116029;116029;0;NiNi;-1;-1;0.918215613383;NA;25.0;0;AZOTE_61WKLAAXX_61WKLAAXX:1:76:7824:8768#0;-;chr16;769151;+;chr5;116739;0
example.bam;chr16-chr5;4;516;247;269;781569;781569;0;NiNi;116029;116029;0;NiNi;-1;-1;0.918215613383;NA;25.0;0;AZOTE_61WKLAAXX_61WKLAAXX:1:59:13706:11964#0;-;chr16;768283;+;chr5;116176;0
example.bam;chr16-chr5;4;516;247;269;781569;781569;0;NiNi;116029;116029;0;NiNi;-1;-1;0.918215613383;NA;25.0;0;AZOTE_61WKLAAXX_61WKLAAXX:1:8:3625:9332#0;-;chr16;769016;+;chr5;116729;0
example.bam;chr16-chr5;4;516;247;269;781569;781569;0;NiNi;116029;116029;0;NiNi;-1;-1;0.918215613383;NA;25.0;0;AZOTE_61WKLAAXX_61WKLAAXX:1:95:13450:21208#0;-;chr16;769134;+;chr5;116868;0
example.bam;chr16-chr5;4;516;247;269;781569;781569;0;NiNi;116029;116029;0;NiNi;-1;-1;0.918215613383;NA;25.0;0;AZOTE_61WKLAAXX_61WKLAAXX:1:16:2715:16320#0;-;chr16;768295;+;chr5;116097;0
example.bam;chr16-chr5;4;516;247;269;781569;781569;0;NiNi;116029;116029;0;NiNi;-1;-1;0.918215613383;NA;25.0;0;AZOTE_61WKLAAXX_61WKLAAXX:1:112:10685:8657#0;-;chr16;768510;+;chr5;116369;0
example.bam;chr16-chr5;4;516;247;269;781569;781569;0;NiNi;116029;116029;0;NiNi;-1;-1;0.918215613383;NA;25.0;0;AZOTE_61WKLAAXX_61WKLAAXX:1:109:15480:3439#0;-;chr16;768359;+;chr5;116355;0
example.bam;chr16-chr5;4;516;247;269;781569;781569;0;NiNi;116029;116029;0;NiNi;-1;-1;0.918215613383;NA;25.0;0;AZOTE_61WKLAAXX_61WKLAAXX:1:75:18935:15984#0;-;chr16;769150;+;chr5;116829;0
example.bam;chr16-chr5;4;516;247;269;781569;781569;0;NiNi;116029;116029;0;NiNi;-1;-1;0.918215613383;NA;25.0;0;AZOTE_61WKLAAXX_61WKLAAXX:1:7:10282:9363#0;-;chr16;768949;+;chr5;116382;0
example.bam;chr16-chr5;4;516;247;269;781569;781569;0;NiNi;116029;116029;0;NiNi;-1;-1;0.918215613383;NA;25.0;0;AZOTE_61WKLAAXX_61WKLAAXX:1:103:18394:2677#0;-;chr16;768584;+;chr5;116245;0
example.bam;chr16-chr5;4;516;247;269;781569;781569;0;NiNi;116029;116029;0;NiNi;-1;-1;0.918215613383;NA;25.0;0;AZOTE_61WKLAAXX_61WKLAAXX:1:111:15171:13440#0;-;chr16;768648;+;chr5;116869;0
example.bam;chr16-chr5;4;516;247;269;781569;781569;0;NiNi;116029;116029;0;NiNi;-1;-1;0.918215613383;NA;25.0;0;AZOTE_61WKLAAXX_61WKLAAXX:1:104:16430:10795#0;-;chr16;768269;+;chr5;116695;0
example.bam;chr16-chr5;4;516;247;269;781569;781569;0;NiNi;116029;116029;0;NiNi;-1;-1;0.918215613383;NA;25.0;0;AZOTE_61WKLAAXX_61WKLAAXX:1:116:10641:12200#0;-;chr16;767572;+;chr5;116175;0
example.bam;chr16-chr5;4;516;247;269;781569;781569;0;NiNi;116029;116029;0;NiNi;-1;-1;0.918215613383;NA;25.0;0;AZOTE_61WKLAAXX_61WKLAAXX:1:118:6892:13581#0;-;chr16;768678;+;chr5;116330;0
example.bam;chr16-chr5;4;516;247;269;781569;781569;0;NiNi;116029;116029;0;NiNi;-1;-1;0.918215613383;NA;25.0;0;AZOTE_61WKLAAXX_61WKLAAXX:1:22:15648:5778#0;-;chr16;768934;+;chr5;116979;0
example.bam;chr16-chr5;4;516;247;269;781569;781569;0;NiNi;116029;116029;0;NiNi;-1;-1;0.918215613383;NA;25.0;0;AZOTE_61WKLAAXX_61WKLAAXX:1:14:2715:10634#0;-;chr16;768235;+;chr5;116221;0
example.bam;chr16-chr5;4;516;247;269;781569;781569;0;NiNi;116029;116029;0;NiNi;-1;-1;0.918215613383;NA;25.0;0;AZOTE_61WKLAAXX_61WKLAAXX:1:114:11994:1851#0;-;chr16;768602;+;chr5;116100;0
example.bam;chr16-chr5;4;516;247;269;781569;781569;0;NiNi;116029;116029;0;NiNi;-1;-1;0.918215613383;NA;25.0;0;AZOTE_61WKLAAXX_61WKLAAXX:1:117:2737:2977#0;-;chr16;768448;+;chr5;116718;0
example.bam;chr16-chr5;4;516;247;269;781569;781569;0;NiNi;116029;116029;0;NiNi;-1;-1;0.918215613383;NA;25.0;0;AZOTE_61WKLAAXX_61WKLAAXX:1:41:10111:15815#0;-;chr16;769090;+;chr5;116849;0
example.bam;chr16-chr5;4;516;247;269;781569;781569;0;NiNi;116029;116029;0;NiNi;-1;-1;0.918215613383;NA;25.0;0;AZOTE_61WKLAAXX_61WKLAAXX:1:28:2588:20196#0;-;chr16;768102;+;chr5;116404;0
example.bam;chr16-chr5;4;516;247;269;781569;781569;0;NiNi;116029;116029;0;NiNi;-1;-1;0.918215613383;NA;25.0;0;AZOTE_61WKLAAXX_61WKLAAXX:1:66:8592:18218#0;-;chr16;768828;+;chr5;116165;0
example.bam;chr16-chr5;4;516;247;269;781569;781569;0;NiNi;116029;116029;0;NiNi;-1;-1;0.918215613383;NA;25.0;0;AZOTE_61WKLAAXX_61WKLAAXX:1:23:7969:7369#0;-;chr16;769302;+;chr5;116888;0
example.bam;chr16-chr5;4;516;247;269;781569;781569;0;NiNi;116029;116029;0;NiNi;-1;-1;0.918215613383;NA;25.0;0;AZOTE_61WKLAAXX_61WKLAAXX:1:5:7738:10477#0;-;chr16;770315;+;chr5;116873;0
example.bam;chr16-chr5;4;516;247;269;781569;781569;0;NiNi;116029;116029;0;NiNi;-1;-1;0.918215613383;NA;25.0;0;AZOTE_61WKLAAXX_61WKLAAXX:1:108:2426:21019#0;-;chr16;769158;+;chr5;116975;0
example.bam;chr16-chr5;4;516;247;269;781569;781569;0;NiNi;116029;116029;0;NiNi;-1;-1;0.918215613383;NA;25.0;0;AZOTE_61WKLAAXX_61WKLAAXX:1:72:18090:5632#0;-;chr16;770272;+;chr5;116962;0
example.bam;chr16-chr5;4;516;247;269;781569;781569;0;NiNi;116029;116029;0;NiNi;-1;-1;0.918215613383;NA;25.0;0;AZOTE_61WKLAAXX_61WKLAAXX:1:51:4669:9265#0;-;chr16;768327;+;chr5;116144;0
example.bam;chr16-chr5;4;516;247;269;781569;781569;0;NiNi;116029;116029;0;NiNi;-1;-1;0.918215613383;NA;25.0;0;AZOTE_61WKLAAXX_61WKLAAXX:1:93:5613:5191#0;-;chr16;769010;+;chr5;116863;0
example.bam;chr16-chr5;4;516;247;269;781569;781569;0;NiNi;116029;116029;0;NiNi;-1;-1;0.918215613383;NA;25.0;0;AZOTE_61WKLAAXX_61WKLAAXX:1:110:12526:4412#0;-;chr16;768311;+;chr5;116113;0
example.bam;chr16-chr5;4;516;247;269;781569;781569;0;NiNi;116029;116029;0;NiNi;-1;-1;0.918215613383;NA;25.0;0;AZOTE_61WKLAAXX_61WKLAAXX:1:40:18572:5601#0;-;chr16;768587;+;chr5;116118;0
example.bam;chr16-chr5;4;516;247;269;781569;781569;0;NiNi;116029;116029;0;NiNi;-1;-1;0.918215613383;NA;25.0;0;AZOTE_61WKLAAXX_61WKLAAXX:1:4:19047:12004#0;-;chr16;768333;+;chr5;116116;0
example.bam;chr16-chr5;4;516;247;269;781569;781569;0;NiNi;116029;116029;0;NiNi;-1;-1;0.918215613383;NA;25.0;0;AZOTE_61WKLAAXX_61WKLAAXX:1:118:10028:15588#0;-;chr16;770760;+;chr5;116454;0
example.bam;chr16-chr5;4;516;247;269;781569;781569;0;NiNi;116029;116029;0;NiNi;-1;-1;0.918215613383;NA;25.0;0;AZOTE_61WKLAAXX_61WKLAAXX:1:39:7986:5198#0;-;chr16;768872;+;chr5;116186;0
example.bam;chr16-chr5;4;516;247;269;781569;781569;0;NiNi;116029;116029;0;NiNi;-1;-1;0.918215613383;NA;25.0;0;AZOTE_61WKLAAXX_61WKLAAXX:1:23:11347:5214#0;-;chr16;768382;+;chr5;116303;0
example.bam;chr16-chr5;4;516;247;269;781569;781569;0;NiNi;116029;116029;0;NiNi;-1;-1;0.918215613383;NA;25.0;0;AZOTE_61WKLAAXX_61WKLAAXX:1:20:14908:12436#0;-;chr16;768825;+;chr5;116434;0
example.bam;chr16-chr5;4;516;247;269;781569;781569;0;NiNi;116029;116029;0;NiNi;-1;-1;0.918215613383;NA;25.0;0;AZOTE_61WKLAAXX_61WKLAAXX:1:19:10922:1362#0;-;chr16;768290;+;chr5;116225;0
example.bam;chr16-chr5;4;516;247;269;781569;781569;0;NiNi;116029;116029;0;NiNi;-1;-1;0.918215613383;NA;25.0;0;AZOTE_61WKLAAXX_61WKLAAXX:1:29:7196:8944#0;-;chr16;768134;+;chr5;116129;0
example.bam;chr16-chr5;4;516;247;269;781569;781569;0;NiNi;116029;116029;0;NiNi;-1;-1;0.918215613383;NA;25.0;0;AZOTE_61WKLAAXX_61WKLAAXX:1:41:7983:9769#0;-;chr16;768343;+;chr5;116650;0
example.bam;chr16-chr5;4;516;247;269;781569;781569;0;NiNi;116029;116029;0;NiNi;-1;-1;0.918215613383;NA;25.0;0;AZOTE_61WKLAAXX_61WKLAAXX:1:103:8150:15841#0;-;chr16;769042;+;chr5;116646;0
example.bam;chr16-chr5;4;516;247;269;781569;781569;0;NiNi;116029;116029;0;NiNi;-1;-1;0.918215613383;NA;25.0;0;AZOTE_61WKLAAXX_61WKLAAXX:1:2:14387:17046#0;-;chr16;768486;+;chr5;116660;0
example.bam;chr16-chr5;4;516;247;269;781569;781569;0;NiNi;116029;116029;0;NiNi;-1;-1;0.918215613383;NA;25.0;0;AZOTE_61WKLAAXX_61WKLAAXX:1:56:12658:8790#0;-;chr16;768614;+;chr5;116404;0
example.bam;chr16-chr5;4;516;247;269;781569;781569;0;NiNi;116029;116029;0;NiNi;-1;-1;0.918215613383;NA;25.0;0;AZOTE_61WKLAAXX_61WKLAAXX:1:13:8979:13821#0;-;chr16;769107;+;chr5;116877;0
example.bam;chr16-chr5;4;516;247;269;781569;781569;0;NiNi;116029;116029;0;NiNi;-1;-1;0.918215613383;NA;25.0;0;AZOTE_61WKLAAXX_61WKLAAXX:1:94:5920:5924#0;-;chr16;769116;+;chr5;116762;0
example.bam;chr16-chr5;4;516;247;269;781569;781569;0;NiNi;116029;116029;0;NiNi;-1;-1;0.918215613383;NA;25.0;0;AZOTE_61WKLAAXX_61WKLAAXX:1:110:1523:20918#0;-;chr16;768275;+;chr5;116160;0
example.bam;chr16-chr5;4;516;247;269;781569;781569;0;NiNi;116029;116029;0;NiNi;-1;-1;0.918215613383;NA;25.0;0;AZOTE_61WKLAAXX_61WKLAAXX:1:38:14059:11642#0;-;chr16;769310;+;chr5;116696;0
example.bam;chr16-chr5;4;516;247;269;781569;781569;0;NiNi;116029;116029;0;NiNi;-1;-1;0.918215613383;NA;25.0;0;AZOTE_61WKLAAXX_61WKLAAXX:1:18:5619:14211#0;-;chr16;768761;+;chr5;116439;0
example.bam;chr16-chr5;4;516;247;269;781569;781569;0;NiNi;116029;116029;0;NiNi;-1;-1;0.918215613383;NA;25.0;0;AZOTE_61WKLAAXX_61WKLAAXX:1:9:10654:11731#0;-;chr16;769040;+;chr5;116997;0
example.bam;chr16-chr5;4;516;247;269;781569;781569;0;NiNi;116029;116029;0;NiNi;-1;-1;0.918215613383;NA;25.0;0;AZOTE_61WKLAAXX_61WKLAAXX:1:5:12479:5892#0;-;chr16;768744;+;chr5;116339;0
example.bam;chr16-chr5;4;516;247;269;781569;781569;0;NiNi;116029;116029;0;NiNi;-1;-1;0.918215613383;NA;25.0;0;AZOTE_61WKLAAXX_61WKLAAXX:1:120:10139:15627#0;-;chr16;768844;+;chr5;116729;0
example.bam;chr16-chr5;4;516;247;269;781569;781569;0;NiNi;116029;116029;0;NiNi;-1;-1;0.918215613383;NA;25.0;0;AZOTE_61WKLAAXX_61WKLAAXX:1:52:12746:10438#0;-;chr16;768726;+;chr5;116771;0
example.bam;chr16-chr5;4;516;247;269;781569;781569;0;NiNi;116029;116029;0;NiNi;-1;-1;0.918215613383;NA;25.0;0;AZOTE_61WKLAAXX_61WKLAAXX:1:116:6404:5305#0;-;chr16;768522;+;chr5;116107;0
example.bam;chr16-chr5;4;516;247;269;781569;781569;0;NiNi;116029;116029;0;NiNi;-1;-1;0.918215613383;NA;25.0;0;AZOTE_61WKLAAXX_61WKLAAXX:1:34:17973:12366#0;-;chr16;768439;+;chr5;116303;0
example.bam;chr16-chr5;4;516;247;269;781569;781569;0;NiNi;116029;116029;0;NiNi;-1;-1;0.918215613383;NA;25.0;0;AZOTE_61WKLAAXX_61WKLAAXX:1:58:5858:13534#0;-;chr16;768618;+;chr5;116679;0
example.bam;chr16-chr5;4;516;247;269;781569;781569;0;NiNi;116029;116029;0;NiNi;-1;-1;0.918215613383;NA;25.0;0;AZOTE_61WKLAAXX_61WKLAAXX:1:113:14006:16214#0;-;chr16;768957;+;chr5;116497;0
example.bam;chr16-chr5;4;516;247;269;781569;781569;0;NiNi;116029;116029;0;NiNi;-1;-1;0.918215613383;NA;25.0;0;AZOTE_61WKLAAXX_61WKLAAXX:1:5:5095:4524#0;-;chr16;769280;+;chr5;116724;0
example.bam;chr16-chr5;4;516;247;269;781569;781569;0;NiNi;116029;116029;0;NiNi;-1;-1;0.918215613383;NA;25.0;0;AZOTE_61WKLAAXX_61WKLAAXX:1:17:13907:17737#0;-;chr16;768878;+;chr5;116260;0
example.bam;chr16-chr5;4;516;247;269;781569;781569;0;NiNi;116029;116029;0;NiNi;-1;-1;0.918215613383;NA;25.0;0;AZOTE_61WKLAAXX_61WKLAAXX:1:8:8960:2912#0;-;chr16;768950;+;chr5;116373;0
example.bam;chr16-chr5;4;516;247;269;781569;781569;0;NiNi;116029;116029;0;NiNi;-1;-1;0.918215613383;NA;25.0;0;AZOTE_61WKLAAXX_61WKLAAXX:1:56:12676:5458#0;-;chr16;768563;+;chr5;116206;0
example.bam;chr16-chr5;4;516;247;269;781569;781569;0;NiNi;116029;116029;0;NiNi;-1;-1;0.918215613383;NA;25.0;0;AZOTE_61WKLAAXX_61WKLAAXX:1:4:6149:2859#0;-;chr16;768755;+;chr5;116174;0
example.bam;chr16-chr5;4;516;247;269;781569;781569;0;NiNi;116029;116029;0;NiNi;-1;-1;0.918215613383;NA;25.0;0;AZOTE_61WKLAAXX_61WKLAAXX:1:34:10002:2205#0;-;chr16;768878;+;chr5;116442;0
example.bam;chr16-chr5;4;516;247;269;781569;781569;0;NiNi;116029;116029;0;NiNi;-1;-1;0.918215613383;NA;25.0;0;AZOTE_61WKLAAXX_61WKLAAXX:1:69:6719:1542#0;-;chr16;768179;+;chr5;116253;0
example.bam;chr16-chr5;4;516;247;269;781569;781569;0;NiNi;116029;116029;0;NiNi;-1;-1;0.918215613383;NA;25.0;0;AZOTE_61WKLAAXX_61WKLAAXX:1:39:10242:12682#0;-;chr16;769126;+;chr5;116712;0
example.bam;chr16-chr5;4;516;247;269;781569;781569;0;NiNi;116029;116029;0;NiNi;-1;-1;0.918215613383;NA;25.0;0;AZOTE_61WKLAAXX_61WKLAAXX:1:81:18341:1458#0;-;chr16;768465;+;chr5;116496;0
example.bam;chr16-chr5;4;516;247;269;781569;781569;0;NiNi;116029;116029;0;NiNi;-1;-1;0.918215613383;NA;25.0;0;AZOTE_61WKLAAXX_61WKLAAXX:1:93:16069:13631#0;-;chr16;768279;+;chr5;116315;0
example.bam;chr16-chr5;4;516;247;269;781569;781569;0;NiNi;116029;116029;0;NiNi;-1;-1;0.918215613383;NA;25.0;0;AZOTE_61WKLAAXX_61WKLAAXX:1:35:18633:17022#0;-;chr16;768223;+;chr5;116293;0
example.bam;chr16-chr5;4;516;247;269;781569;781569;0;NiNi;116029;116029;0;NiNi;-1;-1;0.918215613383;NA;25.0;0;AZOTE_61WKLAAXX_61WKLAAXX:1:41:17952:17565#0;-;chr16;768626;+;chr5;116356;0
example.bam;chr16-chr5;4;516;247;269;781569;781569;0;NiNi;116029;116029;0;NiNi;-1;-1;0.918215613383;NA;25.0;0;AZOTE_61WKLAAXX_61WKLAAXX:1:56:8416:2965#0;-;chr16;769613;+;chr5;116900;0
example.bam;chr16-chr5;4;516;247;269;781569;781569;0;NiNi;116029;116029;0;NiNi;-1;-1;0.918215613383;NA;25.0;0;AZOTE_61WKLAAXX_61WKLAAXX:1:23:8958:16021#0;-;chr16;768597;+;chr5;116679;0
example.bam;chr16-chr5;4;516;247;269;781569;781569;0;NiNi;116029;116029;0;NiNi;-1;-1;0.918215613383;NA;25.0;0;AZOTE_61WKLAAXX_61WKLAAXX:1:32:17274:14444#0;-;chr16;768444;+;chr5;116177;0
example.bam;chr16-chr5;4;516;247;269;781569;781569;0;NiNi;116029;116029;0;NiNi;-1;-1;0.918215613383;NA;25.0;0;AZOTE_61WKLAAXX_61WKLAAXX:1:22:5629:10495#0;-;chr16;769141;+;chr5;116893;0
example.bam;chr16-chr5;4;516;247;269;781569;781569;0;NiNi;116029;116029;0;NiNi;-1;-1;0.918215613383;NA;25.0;0;AZOTE_61WKLAAXX_61WKLAAXX:1:39:4190:17760#0;-;chr16;768302;+;chr5;116372;0
example.bam;chr16-chr5;4;516;247;269;781569;781569;0;NiNi;116029;116029;0;NiNi;-1;-1;0.918215613383;NA;25.0;0;AZOTE_61WKLAAXX_61WKLAAXX:1:29:4416:9628#0;-;chr16;768964;+;chr5;116865;0
example.bam;chr16-chr5;4;516;247;269;781569;781569;0;NiNi;116029;116029;0;NiNi;-1;-1;0.918215613383;NA;25.0;0;AZOTE_61WKLAAXX_61WKLAAXX:1:24:1943:15845#0;-;chr16;768757;+;chr5;116977;0
example.bam;chr16-chr5;4;516;247;269;781569;781569;0;NiNi;116029;116029;0;NiNi;-1;-1;0.918215613383;NA;25.0;0;AZOTE_61WKLAAXX_61WKLAAXX:1:17:17194:10895#0;-;chr16;768762;+;chr5;116421;0
example.bam;chr16-chr5;4;516;247;269;781569;781569;0;NiNi;116029;116029;0;NiNi;-1;-1;0.918215613383;NA;25.0;0;AZOTE_61WKLAAXX_61WKLAAXX:1:22:18456:10438#0;-;chr16;768321;+;chr5;116348;0
example.bam;chr16-chr5;4;516;247;269;781569;781569;0;NiNi;116029;116029;0;NiNi;-1;-1;0.918215613383;NA;25.0;0;AZOTE_61WKLAAXX_61WKLAAXX:1:120:11729:13094#0;-;chr16;769285;+;chr5;116987;0
example.bam;chr16-chr5;4;516;247;269;781569;781569;0;NiNi;116029;116029;0;NiNi;-1;-1;0.918215613383;NA;25.0;0;AZOTE_61WKLAAXX_61WKLAAXX:1:60:17901:14320#0;-;chr16;768117;+;chr5;116112;0
example.bam;chr16-chr5;4;516;247;269;781569;781569;0;NiNi;116029;116029;0;NiNi;-1;-1;0.918215613383;NA;25.0;0;AZOTE_61WKLAAXX_61WKLAAXX:1:99:10604:11653#0;-;chr16;768577;+;chr5;116459;0
example.bam;chr16-chr5;4;516;247;269;781569;781569;0;NiNi;116029;116029;0;NiNi;-1;-1;0.918215613383;NA;25.0;0;AZOTE_61WKLAAXX_61WKLAAXX:1:103:13412:13236#0;-;chr16;768799;+;chr5;116772;0
example.bam;chr16-chr5;4;516;247;269;781569;781569;0;NiNi;116029;116029;0;NiNi;-1;-1;0.918215613383;NA;25.0;0;AZOTE_61WKLAAXX_61WKLAAXX:1:79:16011:18538#0;-;chr16;767851;+;chr5;116264;0
example.bam;chr16-chr5;4;516;247;269;781569;781569;0;NiNi;116029;116029;0;NiNi;-1;-1;0.918215613383;NA;25.0;0;AZOTE_61WKLAAXX_61WKLAAXX:1:66:19625:4782#0;-;chr16;769145;+;chr5;116883;0
example.bam;chr16-chr5;4;516;247;269;781569;781569;0;NiNi;116029;116029;0;NiNi;-1;-1;0.918215613383;NA;25.0;0;AZOTE_61WKLAAXX_61WKLAAXX:1:43:5064:14189#0;-;chr16;768521;+;chr5;116262;0
example.bam;chr16-chr5;4;516;247;269;781569;781569;0;NiNi;116029;116029;0;NiNi;-1;-1;0.918215613383;NA;25.0;0;AZOTE_61WKLAAXX_61WKLAAXX:1:105:10478:13797#0;-;chr16;769080;+;chr5;116956;0
example.bam;chr16-chr5;4;516;247;269;781569;781569;0;NiNi;116029;116029;0;NiNi;-1;-1;0.918215613383;NA;25.0;0;AZOTE_61WKLAAXX_61WKLAAXX:1:83:5334:2797#0;-;chr16;769034;+;chr5;116496;0
example.bam;chr16-chr5;4;516;247;269;781569;781569;0;NiNi;116029;116029;0;NiNi;-1;-1;0.918215613383;NA;25.0;0;AZOTE_61WKLAAXX_61WKLAAXX:1:3:11903:18298#0;-;chr16;768820;+;chr5;116316;0
example.bam;chr16-chr5;4;516;247;269;781569;781569;0;NiNi;116029;116029;0;NiNi;-1;-1;0.918215613383;NA;25.0;0;AZOTE_61WKLAAXX_61WKLAAXX:1:95:18518:6427#0;-;chr16;768385;+;chr5;116749;0
example.bam;chr16-chr5;4;516;247;269;781569;781569;0;NiNi;116029;116029;0;NiNi;-1;-1;0.918215613383;NA;25.0;0;AZOTE_61WKLAAXX_61WKLAAXX:1:108:3833:8959#0;-;chr16;768169;+;chr5;116176;0
example.bam;chr16-chr5;4;516;247;269;781569;781569;0;NiNi;116029;116029;0;NiNi;-1;-1;0.918215613383;NA;25.0;0;AZOTE_61WKLAAXX_61WKLAAXX:1:109:13648:1300#0;-;chr16;768932;+;chr5;116658;0
example.bam;chr16-chr5;4;516;247;269;781569;781569;0;NiNi;116029;116029;0;NiNi;-1;-1;0.918215613383;NA;25.0;0;AZOTE_61WKLAAXX_61WKLAAXX:1:39:4520:6855#0;-;chr16;768965;+;chr5;116844;0
example.bam;chr16-chr5;4;516;247;269;781569;781569;0;NiNi;116029;116029;0;NiNi;-1;-1;0.918215613383;NA;25.0;0;AZOTE_61WKLAAXX_61WKLAAXX:1:21:16541:15811#0;-;chr16;768699;+;chr5;116253;0
example.bam;chr16-chr5;4;516;247;269;781569;781569;0;NiNi;116029;116029;0;NiNi;-1;-1;0.918215613383;NA;25.0;0;AZOTE_61WKLAAXX_61WKLAAXX:1:21:8287:18289#0;-;chr16;768638;+;chr5;116208;0
example.bam;chr16-chr5;4;516;247;269;781569;781569;0;NiNi;116029;116029;0;NiNi;-1;-1;0.918215613383;NA;25.0;0;AZOTE_61WKLAAXX_61WKLAAXX:1:15:7240:14160#0;-;chr16;768536;+;chr5;116452;0
example.bam;chr16-chr5;4;516;247;269;781569;781569;0;NiNi;116029;116029;0;NiNi;-1;-1;0.918215613383;NA;25.0;0;AZOTE_61WKLAAXX_61WKLAAXX:1:119:8143:17078#0;-;chr16;768293;+;chr5;116250;0
example.bam;chr16-chr5;4;516;247;269;781569;781569;0;NiNi;116029;116029;0;NiNi;-1;-1;0.918215613383;NA;25.0;0;AZOTE_61WKLAAXX_61WKLAAXX:1:39:5197:13344#0;-;chr16;768230;+;chr5;116211;0
example.bam;chr16-chr5;4;516;247;269;781569;781569;0;NiNi;116029;116029;0;NiNi;-1;-1;0.918215613383;NA;25.0;0;AZOTE_61WKLAAXX_61WKLAAXX:1:86:5063:11788#0;-;chr16;768700;+;chr5;116738;0
example.bam;chr16-chr5;4;516;247;269;781569;781569;0;NiNi;116029;116029;0;NiNi;-1;-1;0.918215613383;NA;25.0;0;AZOTE_61WKLAAXX_61WKLAAXX:1:7:18136:7431#0;-;chr16;768938;+;chr5;116289;0
example.bam;chr16-chr5;4;516;247;269;781569;781569;0;NiNi;116029;116029;0;NiNi;-1;-1;0.918215613383;NA;25.0;0;AZOTE_61WKLAAXX_61WKLAAXX:1:46:18518:8468#0;-;chr16;769056;+;chr5;116335;0
example.bam;chr16-chr5;4;516;247;269;781569;781569;0;NiNi;116029;116029;0;NiNi;-1;-1;0.918215613383;NA;25.0;0;AZOTE_61WKLAAXX_61WKLAAXX:1:16:13831:4033#0;-;chr16;769034;+;chr5;116915;0
example.bam;chr16-chr5;4;516;247;269;781569;781569;0;NiNi;116029;116029;0;NiNi;-1;-1;0.918215613383;NA;25.0;0;AZOTE_61WKLAAXX_61WKLAAXX:1:70:14671:21356#0;-;chr16;768443;+;chr5;116196;0
example.bam;chr16-chr5;4;516;247;269;781569;781569;0;NiNi;116029;116029;0;NiNi;-1;-1;0.918215613383;NA;25.0;0;AZOTE_61WKLAAXX_61WKLAAXX:1:37:5311:14279#0;-;chr16;768700;+;chr5;116957;0
example.bam;chr16-chr5;4;516;247;269;781569;781569;0;NiNi;116029;116029;0;NiNi;-1;-1;0.918215613383;NA;25.0;0;AZOTE_61WKLAAXX_61WKLAAXX:1:93:13794:4524#0;-;chr16;768482;+;chr5;116176;0
example.bam;chr16-chr5;4;516;247;269;781569;781569;0;NiNi;116029;116029;0;NiNi;-1;-1;0.918215613383;NA;25.0;0;AZOTE_61WKLAAXX_61WKLAAXX:1:38:12197:14846#0;-;chr16;768474;+;chr5;116688;0
example.bam;chr16-chr5;4;516;247;269;781569;781569;0;NiNi;116029;116029;0;NiNi;-1;-1;0.918215613383;NA;25.0;0;AZOTE_61WKLAAXX_61WKLAAXX:1:51:12994:5641#0;-;chr16;767985;+;chr5;116161;0
example.bam;chr16-chr5;4;516;247;269;781569;781569;0;NiNi;116029;116029;0;NiNi;-1;-1;0.918215613383;NA;25.0;0;AZOTE_61WKLAAXX_61WKLAAXX:1:53:4349:16168#0;-;chr16;768337;+;chr5;116145;0
example.bam;chr16-chr5;4;516;247;269;781569;781569;0;NiNi;116029;116029;0;NiNi;-1;-1;0.918215613383;NA;25.0;0;AZOTE_61WKLAAXX_61WKLAAXX:1:102:9600:3111#0;-;chr16;769073;+;chr5;116988;0
example.bam;chr16-chr5;4;516;247;269;781569;781569;0;NiNi;116029;116029;0;NiNi;-1;-1;0.918215613383;NA;25.0;0;AZOTE_61WKLAAXX_61WKLAAXX:1:68:9841:10751#0;-;chr16;768983;+;chr5;116513;0
example.bam;chr16-chr5;4;516;247;269;781569;781569;0;NiNi;116029;116029;0;NiNi;-1;-1;0.918215613383;NA;25.0;0;AZOTE_61WKLAAXX_61WKLAAXX:1:9:19738:1306#0;-;chr16;768435;+;chr5;116452;0
example.bam;chr16-chr5;4;516;247;269;781569;781569;0;NiNi;116029;116029;0;NiNi;-1;-1;0.918215613383;NA;25.0;0;AZOTE_61WKLAAXX_61WKLAAXX:1:18:13940:7958#0;-;chr16;768567;+;chr5;116215;0
example.bam;chr16-chr5;4;516;247;269;781569;781569;0;NiNi;116029;116029;0;NiNi;-1;-1;0.918215613383;NA;25.0;0;AZOTE_61WKLAAXX_61WKLAAXX:1:58:12462:17859#0;-;chr16;768360;+;chr5;116277;0
example.bam;chr16-chr5;4;516;247;269;781569;781569;0;NiNi;116029;116029;0;NiNi;-1;-1;0.918215613383;NA;25.0;0;AZOTE_61WKLAAXX_61WKLAAXX:1:84:3627:19255#0;-;chr16;768385;+;chr5;116397;0
example.bam;chr16-chr5;4;516;247;269;781569;781569;0;NiNi;116029;116029;0;NiNi;-1;-1;0.918215613383;NA;25.0;0;AZOTE_61WKLAAXX_61WKLAAXX:1:99:4340:9070#0;-;chr16;768232;+;chr5;116887;0
example.bam;chr16-chr5;4;516;247;269;781569;781569;0;NiNi;116029;116029;0;NiNi;-1;-1;0.918215613383;NA;25.0;0;AZOTE_61WKLAAXX_61WKLAAXX:1:87:12821:12051#0;-;chr16;768796;+;chr5;116840;0
example.bam;chr16-chr5;4;516;247;269;781569;781569;0;NiNi;116029;116029;0;NiNi;-1;-1;0.918215613383;NA;25.0;0;AZOTE_61WKLAAXX_61WKLAAXX:1:67:6698:18680#0;-;chr16;769280;+;chr5;116683;0
example.bam;chr16-chr5;4;516;247;269;781569;781569;0;NiNi;116029;116029;0;NiNi;-1;-1;0.918215613383;NA;25.0;0;AZOTE_61WKLAAXX_61WKLAAXX:1:97:11221:17248#0;-;chr16;768958;+;chr5;116870;0
example.bam;chr16-chr5;4;516;247;269;781569;781569;0;NiNi;116029;116029;0;NiNi;-1;-1;0.918215613383;NA;25.0;0;AZOTE_61WKLAAXX_61WKLAAXX:1:29:11182:12496#0;-;chr16;769190;+;chr5;116998;0
example.bam;chr16-chr5;4;516;247;269;781569;781569;0;NiNi;116029;116029;0;NiNi;-1;-1;0.918215613383;NA;25.0;0;AZOTE_61WKLAAXX_61WKLAAXX:1:32:16516:13810#0;-;chr16;768790;+;chr5;116688;0
example.bam;chr16-chr5;4;516;247;269;781569;781569;0;NiNi;116029;116029;0;NiNi;-1;-1;0.918215613383;NA;25.0;0;AZOTE_61WKLAAXX_61WKLAAXX:1:116:8530:15644#0;-;chr16;768448;+;chr5;116109;0
example.bam;chr16-chr5;4;516;247;269;781569;781569;0;NiNi;116029;116029;0;NiNi;-1;-1;0.918215613383;NA;25.0;0;AZOTE_61WKLAAXX_61WKLAAXX:1:111:2205:5904#0;-;chr16;768530;+;chr5;116519;0
example.bam;chr16-chr5;4;516;247;269;781569;781569;0;NiNi;116029;116029;0;NiNi;-1;-1;0.918215613383;NA;25.0;0;AZOTE_61WKLAAXX_61WKLAAXX:1:43:16477:3822#0;-;chr16;768246;+;chr5;116396;0
example.bam;chr16-chr5;4;516;247;269;781569;781569;0;NiNi;116029;116029;0;NiNi;-1;-1;0.918215613383;NA;25.0;0;AZOTE_61WKLAAXX_61WKLAAXX:1:108:13623:10685#0;-;chr16;769029;+;chr5;116848;0
example.bam;chr16-chr5;4;516;247;269;781569;781569;0;NiNi;116029;116029;0;NiNi;-1;-1;0.918215613383;NA;25.0;0;AZOTE_61WKLAAXX_61WKLAAXX:1:12:11576:12809#0;-;chr16;768629;+;chr5;116473;0
example.bam;chr16-chr5;4;516;247;269;781569;781569;0;NiNi;116029;116029;0;NiNi;-1;-1;0.918215613383;NA;25.0;0;AZOTE_61WKLAAXX_61WKLAAXX:1:6:10878:7306#0;-;chr16;768426;+;chr5;116243;0
example.bam;chr16-chr5;4;516;247;269;781569;781569;0;NiNi;116029;116029;0;NiNi;-1;-1;0.918215613383;NA;25.0;0;AZOTE_61WKLAAXX_61WKLAAXX:1:10:17133:7291#0;-;chr16;769168;+;chr5;116416;0
example.bam;chr16-chr5;4;516;247;269;781569;781569;0;NiNi;116029;116029;0;NiNi;-1;-1;0.918215613383;NA;25.0;0;AZOTE_61WKLAAXX_61WKLAAXX:1:72:4529:1155#0;-;chr16;768778;+;chr5;116364;0
example.bam;chr16-chr5;4;516;247;269;781569;781569;0;NiNi;116029;116029;0;NiNi;-1;-1;0.918215613383;NA;25.0;0;AZOTE_61WKLAAXX_61WKLAAXX:1:90:17655:4174#0;-;chr16;768797;+;chr5;116879;0
example.bam;chr16-chr5;4;516;247;269;781569;781569;0;NiNi;116029;116029;0;NiNi;-1;-1;0.918215613383;NA;25.0;0;AZOTE_61WKLAAXX_61WKLAAXX:1:89:12829:6607#0;-;chr16;768593;+;chr5;116695;0
example.bam;chr16-chr5;4;516;247;269;781569;781569;0;NiNi;116029;116029;0;NiNi;-1;-1;0.918215613383;NA;25.0;0;AZOTE_61WKLAAXX_61WKLAAXX:1:52:5066:17467#0;-;chr16;767958;+;chr5;116029;0
example.bam;chr16-chr5;4;516;247;269;781569;781569;0;NiNi;116029;116029;0;NiNi;-1;-1;0.918215613383;NA;25.0;0;AZOTE_61WKLAAXX_61WKLAAXX:1:119:12023:5417#0;-;chr16;770916;+;chr5;116984;0
example.bam;chr16-chr5;4;516;247;269;781569;781569;0;NiNi;116029;116029;0;NiNi;-1;-1;0.918215613383;NA;25.0;0;AZOTE_61WKLAAXX_61WKLAAXX:1:106:9200:19170#0;-;chr16;767908;+;chr5;116129;0
example.bam;chr16-chr5;4;516;247;269;781569;781569;0;NiNi;116029;116029;0;NiNi;-1;-1;0.918215613383;NA;25.0;0;AZOTE_61WKLAAXX_61WKLAAXX:1:119:2161:2548#0;-;chr16;769057;+;chr5;116962;0
example.bam;chr16-chr5;4;516;247;269;781569;781569;0;NiNi;116029;116029;0;NiNi;-1;-1;0.918215613383;NA;25.0;0;AZOTE_61WKLAAXX_61WKLAAXX:1:74:4235:3268#0;-;chr16;767686;+;chr5;116088;0
example.bam;chr16-chr5;4;516;247;269;781569;781569;0;NiNi;116029;116029;0;NiNi;-1;-1;0.918215613383;NA;25.0;0;AZOTE_61WKLAAXX_61WKLAAXX:1:105:4771:11611#0;-;chr16;768138;+;chr5;116032;0
example.bam;chr16-chr5;4;516;247;269;781569;781569;0;NiNi;116029;116029;0;NiNi;-1;-1;0.918215613383;NA;25.0;0;AZOTE_61WKLAAXX_61WKLAAXX:1:109:2478:18764#0;-;chr16;768624;+;chr5;116654;0
example.bam;chr16-chr5;4;516;247;269;781569;781569;0;NiNi;116029;116029;0;NiNi;-1;-1;0.918215613383;NA;25.0;0;AZOTE_61WKLAAXX_61WKLAAXX:1:8:5972:1135#0;-;chr16;768153;+;chr5;116686;0
example.bam;chr16-chr5;4;516;247;269;781569;781569;0;NiNi;116029;116029;0;NiNi;-1;-1;0.918215613383;NA;25.0;0;AZOTE_61WKLAAXX_61WKLAAXX:1:45:17605:6917#0;-;chr16;768866;+;chr5;116918;0
example.bam;chr16-chr5;4;516;247;269;781569;781569;0;NiNi;116029;116029;0;NiNi;-1;-1;0.918215613383;NA;25.0;0;AZOTE_61WKLAAXX_61WKLAAXX:1:72:7412:4382#0;-;chr16;768905;+;chr5;116862;0
example.bam;chr16-chr5;4;516;247;269;781569;781569;0;NiNi;116029;116029;0;NiNi;-1;-1;0.918215613383;NA;25.0;0;AZOTE_61WKLAAXX_61WKLAAXX:1:40:17038:18150#0;-;chr16;768997;+;chr5;116479;0
example.bam;chr16-chr5;4;516;247;269;781569;781569;0;NiNi;116029;116029;0;NiNi;-1;-1;0.918215613383;NA;25.0;0;AZOTE_61WKLAAXX_61WKLAAXX:1:86:12091:1382#0;-;chr16;769311;+;chr5;116361;0
example.bam;chr16-chr5;4;516;247;269;781569;781569;0;NiNi;116029;116029;0;NiNi;-1;-1;0.918215613383;NA;25.0;0;AZOTE_61WKLAAXX_61WKLAAXX:1:8:19268:8809#0;-;chr16;768672;+;chr5;116926;0
example.bam;chr16-chr5;4;516;247;269;781569;781569;0;NiNi;116029;116029;0;NiNi;-1;-1;0.918215613383;NA;25.0;0;AZOTE_61WKLAAXX_61WKLAAXX:1:24:11990:1527#0;-;chr16;770217;+;chr5;116991;0
example.bam;chr16-chr5;4;516;247;269;781569;781569;0;NiNi;116029;116029;0;NiNi;-1;-1;0.918215613383;NA;25.0;0;AZOTE_61WKLAAXX_61WKLAAXX:1:54:2714:17695#0;-;chr16;768748;+;chr5;116483;0
example.bam;chr16-chr5;4;516;247;269;781569;781569;0;NiNi;116029;116029;0;NiNi;-1;-1;0.918215613383;NA;25.0;0;AZOTE_61WKLAAXX_61WKLAAXX:1:96:13311:1967#0;-;chr16;768406;+;chr5;116427;0
example.bam;chr16-chr5;4;516;247;269;781569;781569;0;NiNi;116029;116029;0;NiNi;-1;-1;0.918215613383;NA;25.0;0;AZOTE_61WKLAAXX_61WKLAAXX:1:77:4225:17324#0;-;chr16;769162;+;chr5;116719;0
example.bam;chr16-chr5;4;516;247;269;781569;781569;0;NiNi;116029;116029;0;NiNi;-1;-1;0.918215613383;NA;25.0;0;AZOTE_61WKLAAXX_61WKLAAXX:1:118:9501:9541#0;-;chr16;768181;+;chr5;116300;0
example.bam;chr16-chr5;4;516;247;269;781569;781569;0;NiNi;116029;116029;0;NiNi;-1;-1;0.918215613383;NA;25.0;0;AZOTE_61WKLAAXX_61WKLAAXX:1:27:13601:14038#0;-;chr16;768175;+;chr5;116302;0
example.bam;chr16-chr5;4;516;247;269;781569;781569;0;NiNi;116029;116029;0;NiNi;-1;-1;0.918215613383;NA;25.0;0;AZOTE_61WKLAAXX_61WKLAAXX:1:101:15424:20134#0;-;chr16;769099;+;chr5;116700;0
example.bam;chr16-chr5;4;516;247;269;781569;781569;0;NiNi;116029;116029;0;NiNi;-1;-1;0.918215613383;NA;25.0;0;AZOTE_61WKLAAXX_61WKLAAXX:1:95:9739:20581#0;-;chr16;770493;+;chr5;116669;0
example.bam;chr16-chr5;4;516;247;269;781569;781569;0;NiNi;116029;116029;0;NiNi;-1;-1;0.918215613383;NA;25.0;0;AZOTE_61WKLAAXX_61WKLAAXX:1:40:13868:6930#0;-;chr16;768856;+;chr5;116975;0
example.bam;chr16-chr5;4;516;247;269;781569;781569;0;NiNi;116029;116029;0;NiNi;-1;-1;0.918215613383;NA;25.0;0;AZOTE_61WKLAAXX_61WKLAAXX:1:22:13721:7596#0;-;chr16;768215;+;chr5;116586;0
example.bam;chr16-chr5;4;516;247;269;781569;781569;0;NiNi;116029;116029;0;NiNi;-1;-1;0.918215613383;NA;25.0;0;AZOTE_61WKLAAXX_61WKLAAXX:1:106:3204:6103#0;-;chr16;768656;+;chr5;116410;0
example.bam;chr16-chr5;4;516;247;269;781569;781569;0;NiNi;116029;116029;0;NiNi;-1;-1;0.918215613383;NA;25.0;0;AZOTE_61WKLAAXX_61WKLAAXX:1:23:17193:3640#0;-;chr16;768738;+;chr5;116748;0
example.bam;chr16-chr5;4;516;247;269;781569;781569;0;NiNi;116029;116029;0;NiNi;-1;-1;0.918215613383;NA;25.0;0;AZOTE_61WKLAAXX_61WKLAAXX:1:41:18846:12132#0;-;chr16;768890;+;chr5;116837;0
example.bam;chr16-chr5;4;516;247;269;781569;781569;0;NiNi;116029;116029;0;NiNi;-1;-1;0.918215613383;NA;25.0;0;AZOTE_61WKLAAXX_61WKLAAXX:1:68:9572:2492#0;-;chr16;767921;+;chr5;116144;0
example.bam;chr16-chr5;4;516;247;269;781569;781569;0;NiNi;116029;116029;0;NiNi;-1;-1;0.918215613383;NA;25.0;0;AZOTE_61WKLAAXX_61WKLAAXX:1:68:13658:20124#0;-;chr16;768901;+;chr5;116710;0
example.bam;chr16-chr5;4;516;247;269;781569;781569;0;NiNi;116029;116029;0;NiNi;-1;-1;0.918215613383;NA;25.0;0;AZOTE_61WKLAAXX_61WKLAAXX:1:38:4710:11095#0;-;chr16;767968;+;chr5;116142;0
example.bam;chr16-chr5;4;516;247;269;781569;781569;0;NiNi;116029;116029;0;NiNi;-1;-1;0.918215613383;NA;25.0;0;AZOTE_61WKLAAXX_61WKLAAXX:1:21:10586:2765#0;-;chr16;769075;+;chr5;116444;0
example.bam;chr16-chr5;4;516;247;269;781569;781569;0;NiNi;116029;116029;0;NiNi;-1;-1;0.918215613383;NA;25.0;0;AZOTE_61WKLAAXX_61WKLAAXX:1:54:5913:18247#0;-;chr16;769279;+;chr5;116942;0
example.bam;chr16-chr5;4;516;247;269;781569;781569;0;NiNi;116029;116029;0;NiNi;-1;-1;0.918215613383;NA;25.0;0;AZOTE_61WKLAAXX_61WKLAAXX:1:20:7806:11811#0;-;chr16;768372;+;chr5;116477;0
example.bam;chr16-chr5;4;516;247;269;781569;781569;0;NiNi;116029;116029;0;NiNi;-1;-1;0.918215613383;NA;25.0;0;AZOTE_61WKLAAXX_61WKLAAXX:1:115:10525:9060#0;-;chr16;769474;+;chr5;116998;0
example.bam;chr16-chr5;4;516;247;269;781569;781569;0;NiNi;116029;116029;0;NiNi;-1;-1;0.918215613383;NA;25.0;0;AZOTE_61WKLAAXX_61WKLAAXX:1:37:17734:7093#0;-;chr16;770059;+;chr5;116946;0
example.bam;chr16-chr5;4;516;247;269;781569;781569;0;NiNi;116029;116029;0;NiNi;-1;-1;0.918215613383;NA;25.0;0;AZOTE_61WKLAAXX_61WKLAAXX:1:118:4325:14585#0;-;chr16;768816;+;chr5;116660;0
example.bam;chr16-chr5;4;516;247;269;781569;781569;0;NiNi;116029;116029;0;NiNi;-1;-1;0.918215613383;NA;25.0;0;AZOTE_61WKLAAXX_61WKLAAXX:1:89:7715:17165#0;-;chr16;768851;+;chr5;116663;0
example.bam;chr16-chr5;4;516;247;269;781569;781569;0;NiNi;116029;116029;0;NiNi;-1;-1;0.918215613383;NA;25.0;0;AZOTE_61WKLAAXX_61WKLAAXX:1:12:10063:17843#0;-;chr16;768565;+;chr5;116408;0
example.bam;chr16-chr5;4;516;247;269;781569;781569;0;NiNi;116029;116029;0;NiNi;-1;-1;0.918215613383;NA;25.0;0;AZOTE_61WKLAAXX_61WKLAAXX:1:12:14754:15495#0;-;chr16;768660;+;chr5;116846;0
example.bam;chr16-chr5;4;516;247;269;781569;781569;0;NiNi;116029;116029;0;NiNi;-1;-1;0.918215613383;NA;25.0;0;AZOTE_61WKLAAXX_61WKLAAXX:1:3:2903:14258#0;-;chr16;770764;+;chr5;116659;0
example.bam;chr16-chr5;4;516;247;269;781569;781569;0;NiNi;116029;116029;0;NiNi;-1;-1;0.918215613383;NA;25.0;0;AZOTE_61WKLAAXX_61WKLAAXX:1:54:13013:8164#0;-;chr16;768526;+;chr5;116704;0
example.bam;chr16-chr5;4;516;247;269;781569;781569;0;NiNi;116029;116029;0;NiNi;-1;-1;0.918215613383;NA;25.0;0;AZOTE_61WKLAAXX_61WKLAAXX:1:3:4580:2507#0;-;chr16;768429;+;chr5;116204;0
example.bam;chr16-chr5;4;516;247;269;781569;781569;0;NiNi;116029;116029;0;NiNi;-1;-1;0.918215613383;NA;25.0;0;AZOTE_61WKLAAXX_61WKLAAXX:1:10:2681:20420#0;-;chr16;769154;+;chr5;116331;0
example.bam;chr16-chr5;4;516;247;269;781569;781569;0;NiNi;116029;116029;0;NiNi;-1;-1;0.918215613383;NA;25.0;0;AZOTE_61WKLAAXX_61WKLAAXX:1:66:16932:20581#0;-;chr16;768943;+;chr5;116965;0
example.bam;chr16-chr5;4;516;247;269;781569;781569;0;NiNi;116029;116029;0;NiNi;-1;-1;0.918215613383;NA;25.0;0;AZOTE_61WKLAAXX_61WKLAAXX:1:72:4462:18675#0;-;chr16;767750;+;chr5;116238;0
example.bam;chr16-chr5;4;516;247;269;781569;781569;0;NiNi;116029;116029;0;NiNi;-1;-1;0.918215613383;NA;25.0;0;AZOTE_61WKLAAXX_61WKLAAXX:1:8:14479:6711#0;-;chr16;768292;+;chr5;116168;0
example.bam;chr16-chr5;4;516;247;269;781569;781569;0;NiNi;116029;116029;0;NiNi;-1;-1;0.918215613383;NA;25.0;0;AZOTE_61WKLAAXX_61WKLAAXX:1:53:10046:8682#0;-;chr16;768642;+;chr5;116838;0
example.bam;chr16-chr5;4;516;247;269;781569;781569;0;NiNi;116029;116029;0;NiNi;-1;-1;0.918215613383;NA;25.0;0;AZOTE_61WKLAAXX_61WKLAAXX:1:52:12466:7065#0;-;chr16;768403;+;chr5;116341;0
example.bam;chr16-chr5;4;516;247;269;781569;781569;0;NiNi;116029;116029;0;NiNi;-1;-1;0.918215613383;NA;25.0;0;AZOTE_61WKLAAXX_61WKLAAXX:1:51:18586:4695#0;-;chr16;768885;+;chr5;116983;0
example.bam;chr16-chr5;4;516;247;269;781569;781569;0;NiNi;116029;116029;0;NiNi;-1;-1;0.918215613383;NA;25.0;0;AZOTE_61WKLAAXX_61WKLAAXX:1:36:11708:9937#0;-;chr16;768614;+;chr5;116334;0
example.bam;chr16-chr5;4;516;247;269;781569;781569;0;NiNi;116029;116029;0;NiNi;-1;-1;0.918215613383;NA;25.0;0;AZOTE_61WKLAAXX_61WKLAAXX:1:35:9290:8460#0;-;chr16;768376;+;chr5;116124;0
example.bam;chr16-chr5;4;516;247;269;781569;781569;0;NiNi;116029;116029;0;NiNi;-1;-1;0.918215613383;NA;25.0;0;AZOTE_61WKLAAXX_61WKLAAXX:1:103:14616:18880#0;-;chr16;768114;+;chr5;116483;0
example.bam;chr16-chr5;4;516;247;269;781569;781569;0;NiNi;116029;116029;0;NiNi;-1;-1;0.918215613383;NA;25.0;0;AZOTE_61WKLAAXX_61WKLAAXX:1:42:5519:18149#0;-;chr16;768714;+;chr5;116697;0
example.bam;chr16-chr5;4;516;247;269;781569;781569;0;NiNi;116029;116029;0;NiNi;-1;-1;0.918215613383;NA;25.0;0;AZOTE_61WKLAAXX_61WKLAAXX:1:85:2407:17622#0;-;chr16;767796;+;chr5;116185;0
example.bam;chr16-chr5;4;516;247;269;781569;781569;0;NiNi;116029;116029;0;NiNi;-1;-1;0.918215613383;NA;25.0;0;AZOTE_61WKLAAXX_61WKLAAXX:1:39:15727:14912#0;-;chr16;768862;+;chr5;116721;0
example.bam;chr16-chr5;4;516;247;269;781569;781569;0;NiNi;116029;116029;0;NiNi;-1;-1;0.918215613383;NA;25.0;0;AZOTE_61WKLAAXX_61WKLAAXX:1:13:16670:4814#0;-;chr16;768999;+;chr5;116509;0
example.bam;chr16-chr5;4;516;247;269;781569;781569;0;NiNi;116029;116029;0;NiNi;-1;-1;0.918215613383;NA;25.0;0;AZOTE_61WKLAAXX_61WKLAAXX:1:93:12368:18898#0;-;chr16;769021;+;chr5;116666;0
example.bam;chr16-chr5;4;516;247;269;781569;781569;0;NiNi;116029;116029;0;NiNi;-1;-1;0.918215613383;NA;25.0;0;AZOTE_61WKLAAXX_61WKLAAXX:1:15:18359:15442#0;-;chr16;769162;+;chr5;116752;0
example.bam;chr16-chr5;4;516;247;269;781569;781569;0;NiNi;116029;116029;0;NiNi;-1;-1;0.918215613383;NA;25.0;0;AZOTE_61WKLAAXX_61WKLAAXX:1:96:15918:13904#0;-;chr16;768600;+;chr5;116704;0
example.bam;chr16-chr5;4;516;247;269;781569;781569;0;NiNi;116029;116029;0;NiNi;-1;-1;0.918215613383;NA;25.0;0;AZOTE_61WKLAAXX_61WKLAAXX:1:13:12301:11243#0;-;chr16;769018;+;chr5;116774;0
example.bam;chr16-chr5;4;516;247;269;781569;781569;0;NiNi;116029;116029;0;NiNi;-1;-1;0.918215613383;NA;25.0;0;AZOTE_61WKLAAXX_61WKLAAXX:1:10:9415:18185#0;+;chr16;780216;-;chr5;116409;0
example.bam;chr16-chr5;4;516;247;269;781569;781569;0;NiNi;116029;116029;0;NiNi;-1;-1;0.918215613383;NA;25.0;0;AZOTE_61WKLAAXX_61WKLAAXX:1:12:6361:9656#0;+;chr16;779902;-;chr5;116235;0
example.bam;chr16-chr5;4;516;247;269;781569;781569;0;NiNi;116029;116029;0;NiNi;-1;-1;0.918215613383;NA;25.0;0;AZOTE_61WKLAAXX_61WKLAAXX:1:105:13695:7606#0;+;chr16;780868;-;chr5;116246;0
example.bam;chr16-chr5;4;516;247;269;781569;781569;0;NiNi;116029;116029;0;NiNi;-1;-1;0.918215613383;NA;25.0;0;AZOTE_61WKLAAXX_61WKLAAXX:1:119:15790:19790#0;+;chr16;779282;-;chr5;116431;0
example.bam;chr16-chr5;4;516;247;269;781569;781569;0;NiNi;116029;116029;0;NiNi;-1;-1;0.918215613383;NA;25.0;0;AZOTE_61WKLAAXX_61WKLAAXX:1:79:6467:18570#0;+;chr16;779856;-;chr5;116401;0
example.bam;chr16-chr5;4;516;247;269;781569;781569;0;NiNi;116029;116029;0;NiNi;-1;-1;0.918215613383;NA;25.0;0;AZOTE_61WKLAAXX_61WKLAAXX:1:86:8190:20896#0;+;chr16;780836;-;chr5;116493;0
example.bam;chr16-chr5;4;516;247;269;781569;781569;0;NiNi;116029;116029;0;NiNi;-1;-1;0.918215613383;NA;25.0;0;AZOTE_61WKLAAXX_61WKLAAXX:1:66:13881:8718#0;+;chr16;779751;-;chr5;116380;0
example.bam;chr16-chr5;4;516;247;269;781569;781569;0;NiNi;116029;116029;0;NiNi;-1;-1;0.918215613383;NA;25.0;0;AZOTE_61WKLAAXX_61WKLAAXX:1:90:4917:5412#0;+;chr16;780370;-;chr5;116675;0
example.bam;chr16-chr5;4;516;247;269;781569;781569;0;NiNi;116029;116029;0;NiNi;-1;-1;0.918215613383;NA;25.0;0;AZOTE_61WKLAAXX_61WKLAAXX:1:70:13197:1988#0;+;chr16;780275;-;chr5;116406;0
example.bam;chr16-chr5;4;516;247;269;781569;781569;0;NiNi;116029;116029;0;NiNi;-1;-1;0.918215613383;NA;25.0;0;AZOTE_61WKLAAXX_61WKLAAXX:1:36:5827:17988#0;+;chr16;779951;-;chr5;116502;0
example.bam;chr16-chr5;4;516;247;269;781569;781569;0;NiNi;116029;116029;0;NiNi;-1;-1;0.918215613383;NA;25.0;0;AZOTE_61WKLAAXX_61WKLAAXX:1:39:18756:3090#0;+;chr16;780398;-;chr5;116402;0
example.bam;chr16-chr5;4;516;247;269;781569;781569;0;NiNi;116029;116029;0;NiNi;-1;-1;0.918215613383;NA;25.0;0;AZOTE_61WKLAAXX_61WKLAAXX:1:120:13519:1260#0;+;chr16;781075;-;chr5;116789;0
example.bam;chr16-chr5;4;516;247;269;781569;781569;0;NiNi;116029;116029;0;NiNi;-1;-1;0.918215613383;NA;25.0;0;AZOTE_61WKLAAXX_61WKLAAXX:1:73:12232:1466#0;+;chr16;780238;-;chr5;116415;0
example.bam;chr16-chr5;4;516;247;269;781569;781569;0;NiNi;116029;116029;0;NiNi;-1;-1;0.918215613383;NA;25.0;0;AZOTE_61WKLAAXX_61WKLAAXX:1:11:7594:6292#0;+;chr16;780539;-;chr5;116278;0
example.bam;chr16-chr5;4;516;247;269;781569;781569;0;NiNi;116029;116029;0;NiNi;-1;-1;0.918215613383;NA;25.0;0;AZOTE_61WKLAAXX_61WKLAAXX:1:41:15457:18044#0;+;chr16;779881;-;chr5;116985;0
example.bam;chr16-chr5;4;516;247;269;781569;781569;0;NiNi;116029;116029;0;NiNi;-1;-1;0.918215613383;NA;25.0;0;AZOTE_61WKLAAXX_61WKLAAXX:1:117:17383:17148#0;+;chr16;780257;-;chr5;116191;0
example.bam;chr16-chr5;4;516;247;269;781569;781569;0;NiNi;116029;116029;0;NiNi;-1;-1;0.918215613383;NA;25.0;0;AZOTE_61WKLAAXX_61WKLAAXX:1:10:13296:21184#0;+;chr16;780439;-;chr5;116863;0
example.bam;chr16-chr5;4;516;247;269;781569;781569;0;NiNi;116029;116029;0;NiNi;-1;-1;0.918215613383;NA;25.0;0;AZOTE_61WKLAAXX_61WKLAAXX:1:107:13071:7648#0;+;chr16;780189;-;chr5;116260;0
example.bam;chr16-chr5;4;516;247;269;781569;781569;0;NiNi;116029;116029;0;NiNi;-1;-1;0.918215613383;NA;25.0;0;AZOTE_61WKLAAXX_61WKLAAXX:1:32:2693:14626#0;+;chr16;780494;-;chr5;116764;0
example.bam;chr16-chr5;4;516;247;269;781569;781569;0;NiNi;116029;116029;0;NiNi;-1;-1;0.918215613383;NA;25.0;0;AZOTE_61WKLAAXX_61WKLAAXX:1:67:5189:4907#0;+;chr16;779994;-;chr5;116270;0
example.bam;chr16-chr5;4;516;247;269;781569;781569;0;NiNi;116029;116029;0;NiNi;-1;-1;0.918215613383;NA;25.0;0;AZOTE_61WKLAAXX_61WKLAAXX:1:101:19199:7535#0;+;chr16;778584;-;chr5;116127;0
example.bam;chr16-chr5;4;516;247;269;781569;781569;0;NiNi;116029;116029;0;NiNi;-1;-1;0.918215613383;NA;25.0;0;AZOTE_61WKLAAXX_61WKLAAXX:1:8:18095:15810#0;+;chr16;780005;-;chr5;116247;0
example.bam;chr16-chr5;4;516;247;269;781569;781569;0;NiNi;116029;116029;0;NiNi;-1;-1;0.918215613383;NA;25.0;0;AZOTE_61WKLAAXX_61WKLAAXX:1:4:15245:21135#0;+;chr16;780059;-;chr5;116394;0
example.bam;chr16-chr5;4;516;247;269;781569;781569;0;NiNi;116029;116029;0;NiNi;-1;-1;0.918215613383;NA;25.0;0;AZOTE_61WKLAAXX_61WKLAAXX:1:41:17965:12860#0;+;chr16;781286;-;chr5;116892;0
example.bam;chr16-chr5;4;516;247;269;781569;781569;0;NiNi;116029;116029;0;NiNi;-1;-1;0.918215613383;NA;25.0;0;AZOTE_61WKLAAXX_61WKLAAXX:1:39:9832:14190#0;+;chr16;780337;-;chr5;116881;0
example.bam;chr16-chr5;4;516;247;269;781569;781569;0;NiNi;116029;116029;0;NiNi;-1;-1;0.918215613383;NA;25.0;0;AZOTE_61WKLAAXX_61WKLAAXX:1:18:18877:12862#0;+;chr16;780615;-;chr5;116447;0
example.bam;chr16-chr5;4;516;247;269;781569;781569;0;NiNi;116029;116029;0;NiNi;-1;-1;0.918215613383;NA;25.0;0;AZOTE_61WKLAAXX_61WKLAAXX:1:41:11724:11415#0;+;chr16;780686;-;chr5;116986;0
example.bam;chr16-chr5;4;516;247;269;781569;781569;0;NiNi;116029;116029;0;NiNi;-1;-1;0.918215613383;NA;25.0;0;AZOTE_61WKLAAXX_61WKLAAXX:1:44:12233:20437#0;+;chr16;780350;-;chr5;116191;0
example.bam;chr16-chr5;4;516;247;269;781569;781569;0;NiNi;116029;116029;0;NiNi;-1;-1;0.918215613383;NA;25.0;0;AZOTE_61WKLAAXX_61WKLAAXX:1:62:6870:5613#0;+;chr16;779859;-;chr5;116474;0
example.bam;chr16-chr5;4;516;247;269;781569;781569;0;NiNi;116029;116029;0;NiNi;-1;-1;0.918215613383;NA;25.0;0;AZOTE_61WKLAAXX_61WKLAAXX:1:55:11175:13273#0;+;chr16;775657;-;chr5;116146;0
example.bam;chr16-chr5;4;516;247;269;781569;781569;0;NiNi;116029;116029;0;NiNi;-1;-1;0.918215613383;NA;25.0;0;AZOTE_61WKLAAXX_61WKLAAXX:1:70:14300:10127#0;+;chr16;781080;-;chr5;116777;0
example.bam;chr16-chr5;4;516;247;269;781569;781569;0;NiNi;116029;116029;0;NiNi;-1;-1;0.918215613383;NA;25.0;0;AZOTE_61WKLAAXX_61WKLAAXX:1:49:17785:16629#0;+;chr16;780197;-;chr5;116310;0
example.bam;chr16-chr5;4;516;247;269;781569;781569;0;NiNi;116029;116029;0;NiNi;-1;-1;0.918215613383;NA;25.0;0;AZOTE_61WKLAAXX_61WKLAAXX:1:29:12496:20449#0;+;chr16;780408;-;chr5;116100;0
example.bam;chr16-chr5;4;516;247;269;781569;781569;0;NiNi;116029;116029;0;NiNi;-1;-1;0.918215613383;NA;25.0;0;AZOTE_61WKLAAXX_61WKLAAXX:1:67:7249:11275#0;+;chr16;781074;-;chr5;116897;0
example.bam;chr16-chr5;4;516;247;269;781569;781569;0;NiNi;116029;116029;0;NiNi;-1;-1;0.918215613383;NA;25.0;0;AZOTE_61WKLAAXX_61WKLAAXX:1:23:17866:18362#0;+;chr16;778914;-;chr5;116094;0
example.bam;chr16-chr5;4;516;247;269;781569;781569;0;NiNi;116029;116029;0;NiNi;-1;-1;0.918215613383;NA;25.0;0;AZOTE_61WKLAAXX_61WKLAAXX:1:7:13997:21126#0;+;chr16;780854;-;chr5;116717;0
example.bam;chr16-chr5;4;516;247;269;781569;781569;0;NiNi;116029;116029;0;NiNi;-1;-1;0.918215613383;NA;25.0;0;AZOTE_61WKLAAXX_61WKLAAXX:1:43:10523:20162#0;+;chr16;779602;-;chr5;116360;0
example.bam;chr16-chr5;4;516;247;269;781569;781569;0;NiNi;116029;116029;0;NiNi;-1;-1;0.918215613383;NA;25.0;0;AZOTE_61WKLAAXX_61WKLAAXX:1:111:19183:1927#0;+;chr16;780657;-;chr5;116457;0
example.bam;chr16-chr5;4;516;247;269;781569;781569;0;NiNi;116029;116029;0;NiNi;-1;-1;0.918215613383;NA;25.0;0;AZOTE_61WKLAAXX_61WKLAAXX:1:102:16872:4252#0;+;chr16;779949;-;chr5;116222;0
example.bam;chr16-chr5;4;516;247;269;781569;781569;0;NiNi;116029;116029;0;NiNi;-1;-1;0.918215613383;NA;25.0;0;AZOTE_61WKLAAXX_61WKLAAXX:1:49:5600:8806#0;+;chr16;780838;-;chr5;116904;0
example.bam;chr16-chr5;4;516;247;269;781569;781569;0;NiNi;116029;116029;0;NiNi;-1;-1;0.918215613383;NA;25.0;0;AZOTE_61WKLAAXX_61WKLAAXX:1:24:10911:13680#0;+;chr16;779936;-;chr5;116506;0
example.bam;chr16-chr5;4;516;247;269;781569;781569;0;NiNi;116029;116029;0;NiNi;-1;-1;0.918215613383;NA;25.0;0;AZOTE_61WKLAAXX_61WKLAAXX:1:30:14433:10935#0;+;chr16;780003;-;chr5;116394;0
example.bam;chr16-chr5;4;516;247;269;781569;781569;0;NiNi;116029;116029;0;NiNi;-1;-1;0.918215613383;NA;25.0;0;AZOTE_61WKLAAXX_61WKLAAXX:1:20:14811:21071#0;+;chr16;780106;-;chr5;116453;0
example.bam;chr16-chr5;4;516;247;269;781569;781569;0;NiNi;116029;116029;0;NiNi;-1;-1;0.918215613383;NA;25.0;0;AZOTE_61WKLAAXX_61WKLAAXX:1:28:12726:4158#0;+;chr16;781043;-;chr5;116913;0
example.bam;chr16-chr5;4;516;247;269;781569;781569;0;NiNi;116029;116029;0;NiNi;-1;-1;0.918215613383;NA;25.0;0;AZOTE_61WKLAAXX_61WKLAAXX:1:75:11055:4944#0;+;chr16;780263;-;chr5;116200;0
example.bam;chr16-chr5;4;516;247;269;781569;781569;0;NiNi;116029;116029;0;NiNi;-1;-1;0.918215613383;NA;25.0;0;AZOTE_61WKLAAXX_61WKLAAXX:1:33:4961:10378#0;+;chr16;780091;-;chr5;116846;0
example.bam;chr16-chr5;4;516;247;269;781569;781569;0;NiNi;116029;116029;0;NiNi;-1;-1;0.918215613383;NA;25.0;0;AZOTE_61WKLAAXX_61WKLAAXX:1:49:10300:11666#0;+;chr16;780170;-;chr5;116435;0
example.bam;chr16-chr5;4;516;247;269;781569;781569;0;NiNi;116029;116029;0;NiNi;-1;-1;0.918215613383;NA;25.0;0;AZOTE_61WKLAAXX_61WKLAAXX:1:18:7188:4426#0;+;chr16;780243;-;chr5;116282;0
example.bam;chr16-chr5;4;516;247;269;781569;781569;0;NiNi;116029;116029;0;NiNi;-1;-1;0.918215613383;NA;25.0;0;AZOTE_61WKLAAXX_61WKLAAXX:1:13:2493:15602#0;+;chr16;780195;-;chr5;116187;0
example.bam;chr16-chr5;4;516;247;269;781569;781569;0;NiNi;116029;116029;0;NiNi;-1;-1;0.918215613383;NA;25.0;0;AZOTE_61WKLAAXX_61WKLAAXX:1:32:12407:12873#0;+;chr16;780875;-;chr5;116966;0
example.bam;chr16-chr5;4;516;247;269;781569;781569;0;NiNi;116029;116029;0;NiNi;-1;-1;0.918215613383;NA;25.0;0;AZOTE_61WKLAAXX_61WKLAAXX:1:95:9440:17611#0;+;chr16;780318;-;chr5;116371;0
example.bam;chr16-chr5;4;516;247;269;781569;781569;0;NiNi;116029;116029;0;NiNi;-1;-1;0.918215613383;NA;25.0;0;AZOTE_61WKLAAXX_61WKLAAXX:1:28:13362:18219#0;+;chr16;779817;-;chr5;116208;0
example.bam;chr16-chr5;4;516;247;269;781569;781569;0;NiNi;116029;116029;0;NiNi;-1;-1;0.918215613383;NA;25.0;0;AZOTE_61WKLAAXX_61WKLAAXX:1:41:17044:10926#0;+;chr16;781029;-;chr5;116498;0
example.bam;chr16-chr5;4;516;247;269;781569;781569;0;NiNi;116029;116029;0;NiNi;-1;-1;0.918215613383;NA;25.0;0;AZOTE_61WKLAAXX_61WKLAAXX:1:54:3676:13644#0;+;chr16;780880;-;chr5;116953;0
example.bam;chr16-chr5;4;516;247;269;781569;781569;0;NiNi;116029;116029;0;NiNi;-1;-1;0.918215613383;NA;25.0;0;AZOTE_61WKLAAXX_61WKLAAXX:1:48:15519:3510#0;+;chr16;780546;-;chr5;116984;0
example.bam;chr16-chr5;4;516;247;269;781569;781569;0;NiNi;116029;116029;0;NiNi;-1;-1;0.918215613383;NA;25.0;0;AZOTE_61WKLAAXX_61WKLAAXX:1:106:14962:9399#0;+;chr16;779701;-;chr5;116388;0
example.bam;chr16-chr5;4;516;247;269;781569;781569;0;NiNi;116029;116029;0;NiNi;-1;-1;0.918215613383;NA;25.0;0;AZOTE_61WKLAAXX_61WKLAAXX:1:58:2961:8529#0;+;chr16;779801;-;chr5;116137;0
example.bam;chr16-chr5;4;516;247;269;781569;781569;0;NiNi;116029;116029;0;NiNi;-1;-1;0.918215613383;NA;25.0;0;AZOTE_61WKLAAXX_61WKLAAXX:1:114:5867:5138#0;+;chr16;780235;-;chr5;116903;0
example.bam;chr16-chr5;4;516;247;269;781569;781569;0;NiNi;116029;116029;0;NiNi;-1;-1;0.918215613383;NA;25.0;0;AZOTE_61WKLAAXX_61WKLAAXX:1:2:9072:1271#0;+;chr16;779238;-;chr5;116904;0
example.bam;chr16-chr5;4;516;247;269;781569;781569;0;NiNi;116029;116029;0;NiNi;-1;-1;0.918215613383;NA;25.0;0;AZOTE_61WKLAAXX_61WKLAAXX:1:60:3690:8598#0;+;chr16;779419;-;chr5;116988;0
example.bam;chr16-chr5;4;516;247;269;781569;781569;0;NiNi;116029;116029;0;NiNi;-1;-1;0.918215613383;NA;25.0;0;AZOTE_61WKLAAXX_61WKLAAXX:1:70:14637:9966#0;+;chr16;780248;-;chr5;116492;0
example.bam;chr16-chr5;4;516;247;269;781569;781569;0;NiNi;116029;116029;0;NiNi;-1;-1;0.918215613383;NA;25.0;0;AZOTE_61WKLAAXX_61WKLAAXX:1:89:10713:2647#0;+;chr16;779961;-;chr5;116131;0
example.bam;chr16-chr5;4;516;247;269;781569;781569;0;NiNi;116029;116029;0;NiNi;-1;-1;0.918215613383;NA;25.0;0;AZOTE_61WKLAAXX_61WKLAAXX:1:14:9523:19678#0;+;chr16;780588;-;chr5;116830;0
example.bam;chr16-chr5;4;516;247;269;781569;781569;0;NiNi;116029;116029;0;NiNi;-1;-1;0.918215613383;NA;25.0;0;AZOTE_61WKLAAXX_61WKLAAXX:1:50:19578:9318#0;+;chr16;779769;-;chr5;116184;0
example.bam;chr16-chr5;4;516;247;269;781569;781569;0;NiNi;116029;116029;0;NiNi;-1;-1;0.918215613383;NA;25.0;0;AZOTE_61WKLAAXX_61WKLAAXX:1:26:8460:20254#0;+;chr16;781128;-;chr5;116979;0
example.bam;chr16-chr5;4;516;247;269;781569;781569;0;NiNi;116029;116029;0;NiNi;-1;-1;0.918215613383;NA;25.0;0;AZOTE_61WKLAAXX_61WKLAAXX:1:116:10405:18658#0;+;chr16;779713;-;chr5;116313;0
example.bam;chr16-chr5;4;516;247;269;781569;781569;0;NiNi;116029;116029;0;NiNi;-1;-1;0.918215613383;NA;25.0;0;AZOTE_61WKLAAXX_61WKLAAXX:1:89:11047:11508#0;+;chr16;780134;-;chr5;116820;0
example.bam;chr16-chr5;4;516;247;269;781569;781569;0;NiNi;116029;116029;0;NiNi;-1;-1;0.918215613383;NA;25.0;0;AZOTE_61WKLAAXX_61WKLAAXX:1:58:10415:15644#0;+;chr16;780373;-;chr5;116135;0
example.bam;chr16-chr5;4;516;247;269;781569;781569;0;NiNi;116029;116029;0;NiNi;-1;-1;0.918215613383;NA;25.0;0;AZOTE_61WKLAAXX_61WKLAAXX:1:47:13376:15272#0;+;chr16;779662;-;chr5;116581;0
example.bam;chr16-chr5;4;516;247;269;781569;781569;0;NiNi;116029;116029;0;NiNi;-1;-1;0.918215613383;NA;25.0;0;AZOTE_61WKLAAXX_61WKLAAXX:1:46:3604:2299#0;+;chr16;780141;-;chr5;116941;0
example.bam;chr16-chr5;4;516;247;269;781569;781569;0;NiNi;116029;116029;0;NiNi;-1;-1;0.918215613383;NA;25.0;0;AZOTE_61WKLAAXX_61WKLAAXX:1:96:6617:4166#0;+;chr16;780854;-;chr5;116332;0
example.bam;chr16-chr5;4;516;247;269;781569;781569;0;NiNi;116029;116029;0;NiNi;-1;-1;0.918215613383;NA;25.0;0;AZOTE_61WKLAAXX_61WKLAAXX:1:11:1888:14818#0;+;chr16;781569;-;chr5;116963;0
example.bam;chr16-chr5;4;516;247;269;781569;781569;0;NiNi;116029;116029;0;NiNi;-1;-1;0.918215613383;NA;25.0;0;AZOTE_61WKLAAXX_61WKLAAXX:1:10:12882:12829#0;+;chr16;780426;-;chr5;116692;0
example.bam;chr16-chr5;4;516;247;269;781569;781569;0;NiNi;116029;116029;0;NiNi;-1;-1;0.918215613383;NA;25.0;0;AZOTE_61WKLAAXX_61WKLAAXX:1:102:16873:19119#0;+;chr16;780077;-;chr5;116334;0
example.bam;chr16-chr5;4;516;247;269;781569;781569;0;NiNi;116029;116029;0;NiNi;-1;-1;0.918215613383;NA;25.0;0;AZOTE_61WKLAAXX_61WKLAAXX:1:19:9994:19019#0;+;chr16;780104;-;chr5;116462;0
example.bam;chr16-chr5;4;516;247;269;781569;781569;0;NiNi;116029;116029;0;NiNi;-1;-1;0.918215613383;NA;25.0;0;AZOTE_61WKLAAXX_61WKLAAXX:1:50:12440:6031#0;+;chr16;779780;-;chr5;116326;0
example.bam;chr16-chr5;4;516;247;269;781569;781569;0;NiNi;116029;116029;0;NiNi;-1;-1;0.918215613383;NA;25.0;0;AZOTE_61WKLAAXX_61WKLAAXX:1:5:2453:16182#0;+;chr16;779408;-;chr5;116846;0
example.bam;chr16-chr5;4;516;247;269;781569;781569;0;NiNi;116029;116029;0;NiNi;-1;-1;0.918215613383;NA;25.0;0;AZOTE_61WKLAAXX_61WKLAAXX:1:77:15794:15289#0;+;chr16;781030;-;chr5;116983;0
example.bam;chr16-chr5;4;516;247;269;781569;781569;0;NiNi;116029;116029;0;NiNi;-1;-1;0.918215613383;NA;25.0;0;AZOTE_61WKLAAXX_61WKLAAXX:1:119:18168:18283#0;+;chr16;780765;-;chr5;116720;0
example.bam;chr16-chr5;4;516;247;269;781569;781569;0;NiNi;116029;116029;0;NiNi;-1;-1;0.918215613383;NA;25.0;0;AZOTE_61WKLAAXX_61WKLAAXX:1:13:6273:7819#0;+;chr16;780450;-;chr5;116836;0
example.bam;chr16-chr5;4;516;247;269;781569;781569;0;NiNi;116029;116029;0;NiNi;-1;-1;0.918215613383;NA;25.0;0;AZOTE_61WKLAAXX_61WKLAAXX:1:85:4256:9237#0;+;chr16;779988;-;chr5;116277;0
example.bam;chr16-chr5;4;516;247;269;781569;781569;0;NiNi;116029;116029;0;NiNi;-1;-1;0.918215613383;NA;25.0;0;AZOTE_61WKLAAXX_61WKLAAXX:1:18:6407:4797#0;+;chr16;780023;-;chr5;116458;0
example.bam;chr16-chr5;4;516;247;269;781569;781569;0;NiNi;116029;116029;0;NiNi;-1;-1;0.918215613383;NA;25.0;0;AZOTE_61WKLAAXX_61WKLAAXX:1:118:5203:12400#0;+;chr16;780076;-;chr5;116264;0
example.bam;chr16-chr5;4;516;247;269;781569;781569;0;NiNi;116029;116029;0;NiNi;-1;-1;0.918215613383;NA;25.0;0;AZOTE_61WKLAAXX_61WKLAAXX:1:36:3221:10592#0;+;chr16;780331;-;chr5;116587;0
example.bam;chr16-chr5;4;516;247;269;781569;781569;0;NiNi;116029;116029;0;NiNi;-1;-1;0.918215613383;NA;25.0;0;AZOTE_61WKLAAXX_61WKLAAXX:1:49:5568:11821#0;+;chr16;780052;-;chr5;116897;0
example.bam;chr16-chr5;4;516;247;269;781569;781569;0;NiNi;116029;116029;0;NiNi;-1;-1;0.918215613383;NA;25.0;0;AZOTE_61WKLAAXX_61WKLAAXX:1:64:16222:10075#0;+;chr16;779957;-;chr5;116216;0
example.bam;chr16-chr5;4;516;247;269;781569;781569;0;NiNi;116029;116029;0;NiNi;-1;-1;0.918215613383;NA;25.0;0;AZOTE_61WKLAAXX_61WKLAAXX:1:117:13146:15903#0;+;chr16;780212;-;chr5;116248;0
example.bam;chr16-chr5;4;516;247;269;781569;781569;0;NiNi;116029;116029;0;NiNi;-1;-1;0.918215613383;NA;25.0;0;AZOTE_61WKLAAXX_61WKLAAXX:1:116:10582:9249#0;+;chr16;780564;-;chr5;116942;0
example.bam;chr16-chr5;4;516;247;269;781569;781569;0;NiNi;116029;116029;0;NiNi;-1;-1;0.918215613383;NA;25.0;0;AZOTE_61WKLAAXX_61WKLAAXX:1:36:4660:3346#0;+;chr16;780700;-;chr5;116759;0
example.bam;chr16-chr5;4;516;247;269;781569;781569;0;NiNi;116029;116029;0;NiNi;-1;-1;0.918215613383;NA;25.0;0;AZOTE_61WKLAAXX_61WKLAAXX:1:9:12568:4270#0;+;chr16;780465;-;chr5;116425;0
example.bam;chr16-chr5;4;516;247;269;781569;781569;0;NiNi;116029;116029;0;NiNi;-1;-1;0.918215613383;NA;25.0;0;AZOTE_61WKLAAXX_61WKLAAXX:1:32:11908:15827#0;+;chr16;780533;-;chr5;116706;0
example.bam;chr16-chr5;4;516;247;269;781569;781569;0;NiNi;116029;116029;0;NiNi;-1;-1;0.918215613383;NA;25.0;0;AZOTE_61WKLAAXX_61WKLAAXX:1:18:4349:1792#0;+;chr16;780306;-;chr5;116371;0
example.bam;chr16-chr5;4;516;247;269;781569;781569;0;NiNi;116029;116029;0;NiNi;-1;-1;0.918215613383;NA;25.0;0;AZOTE_61WKLAAXX_61WKLAAXX:1:32:13906:1160#0;+;chr16;780393;-;chr5;116342;0
example.bam;chr16-chr5;4;516;247;269;781569;781569;0;NiNi;116029;116029;0;NiNi;-1;-1;0.918215613383;NA;25.0;0;AZOTE_61WKLAAXX_61WKLAAXX:1:33:8884:13718#0;+;chr16;779998;-;chr5;116423;0
example.bam;chr16-chr5;4;516;247;269;781569;781569;0;NiNi;116029;116029;0;NiNi;-1;-1;0.918215613383;NA;25.0;0;AZOTE_61WKLAAXX_61WKLAAXX:1:89:13789:20289#0;+;chr16;779988;-;chr5;116348;0
example.bam;chr16-chr5;4;516;247;269;781569;781569;0;NiNi;116029;116029;0;NiNi;-1;-1;0.918215613383;NA;25.0;0;AZOTE_61WKLAAXX_61WKLAAXX:1:33:7477:13090#0;+;chr16;781291;-;chr5;116800;0
example.bam;chr16-chr5;4;516;247;269;781569;781569;0;NiNi;116029;116029;0;NiNi;-1;-1;0.918215613383;NA;25.0;0;AZOTE_61WKLAAXX_61WKLAAXX:1:32:7127:14651#0;+;chr16;780905;-;chr5;116860;0
example.bam;chr16-chr5;4;516;247;269;781569;781569;0;NiNi;116029;116029;0;NiNi;-1;-1;0.918215613383;NA;25.0;0;AZOTE_61WKLAAXX_61WKLAAXX:1:12:3476:1772#0;+;chr16;780227;-;chr5;116243;0
example.bam;chr16-chr5;4;516;247;269;781569;781569;0;NiNi;116029;116029;0;NiNi;-1;-1;0.918215613383;NA;25.0;0;AZOTE_61WKLAAXX_61WKLAAXX:1:9:15506:5265#0;+;chr16;779206;-;chr5;116279;0
example.bam;chr16-chr5;4;516;247;269;781569;781569;0;NiNi;116029;116029;0;NiNi;-1;-1;0.918215613383;NA;25.0;0;AZOTE_61WKLAAXX_61WKLAAXX:1:14:4749:4857#0;+;chr16;780531;-;chr5;116712;0
example.bam;chr16-chr5;4;516;247;269;781569;781569;0;NiNi;116029;116029;0;NiNi;-1;-1;0.918215613383;NA;25.0;0;AZOTE_61WKLAAXX_61WKLAAXX:1:28:11175:6635#0;+;chr16;780537;-;chr5;116717;0
example.bam;chr16-chr5;4;516;247;269;781569;781569;0;NiNi;116029;116029;0;NiNi;-1;-1;0.918215613383;NA;25.0;0;AZOTE_61WKLAAXX_61WKLAAXX:1:50:18735:7642#0;+;chr16;781214;-;chr5;116674;0
example.bam;chr16-chr5;4;516;247;269;781569;781569;0;NiNi;116029;116029;0;NiNi;-1;-1;0.918215613383;NA;25.0;0;AZOTE_61WKLAAXX_61WKLAAXX:1:114:16738:16336#0;+;chr16;780780;-;chr5;116926;0
example.bam;chr16-chr5;4;516;247;269;781569;781569;0;NiNi;116029;116029;0;NiNi;-1;-1;0.918215613383;NA;25.0;0;AZOTE_61WKLAAXX_61WKLAAXX:1:20:2492:18004#0;+;chr16;780530;-;chr5;116583;0
example.bam;chr16-chr5;4;516;247;269;781569;781569;0;NiNi;116029;116029;0;NiNi;-1;-1;0.918215613383;NA;25.0;0;AZOTE_61WKLAAXX_61WKLAAXX:1:2:15561:9608#0;+;chr16;780991;-;chr5;116854;0
example.bam;chr16-chr5;4;516;247;269;781569;781569;0;NiNi;116029;116029;0;NiNi;-1;-1;0.918215613383;NA;25.0;0;AZOTE_61WKLAAXX_61WKLAAXX:1:24:2573:14659#0;+;chr16;780350;-;chr5;116767;0
example.bam;chr16-chr5;4;516;247;269;781569;781569;0;NiNi;116029;116029;0;NiNi;-1;-1;0.918215613383;NA;25.0;0;AZOTE_61WKLAAXX_61WKLAAXX:1:32:13762:3883#0;+;chr16;780921;-;chr5;116886;0
example.bam;chr16-chr5;4;516;247;269;781569;781569;0;NiNi;116029;116029;0;NiNi;-1;-1;0.918215613383;NA;25.0;0;AZOTE_61WKLAAXX_61WKLAAXX:1:94:3362:9639#0;+;chr16;780274;-;chr5;116356;0
example.bam;chr16-chr5;4;516;247;269;781569;781569;0;NiNi;116029;116029;0;NiNi;-1;-1;0.918215613383;NA;25.0;0;AZOTE_61WKLAAXX_61WKLAAXX:1:62:10242:7299#0;+;chr16;779818;-;chr5;116131;0
example.bam;chr16-chr5;4;516;247;269;781569;781569;0;NiNi;116029;116029;0;NiNi;-1;-1;0.918215613383;NA;25.0;0;AZOTE_61WKLAAXX_61WKLAAXX:1:45:13508:5532#0;+;chr16;780835;-;chr5;116684;0
example.bam;chr16-chr5;4;516;247;269;781569;781569;0;NiNi;116029;116029;0;NiNi;-1;-1;0.918215613383;NA;25.0;0;AZOTE_61WKLAAXX_61WKLAAXX:1:17:4910:9350#0;+;chr16;780344;-;chr5;116167;0
example.bam;chr16-chr5;4;516;247;269;781569;781569;0;NiNi;116029;116029;0;NiNi;-1;-1;0.918215613383;NA;25.0;0;AZOTE_61WKLAAXX_61WKLAAXX:1:30:9611:9492#0;+;chr16;780380;-;chr5;116931;0
example.bam;chr16-chr5;4;516;247;269;781569;781569;0;NiNi;116029;116029;0;NiNi;-1;-1;0.918215613383;NA;25.0;0;AZOTE_61WKLAAXX_61WKLAAXX:1:30:13068:2905#0;+;chr16;779751;-;chr5;116138;0
example.bam;chr16-chr5;4;516;247;269;781569;781569;0;NiNi;116029;116029;0;NiNi;-1;-1;0.918215613383;NA;25.0;0;AZOTE_61WKLAAXX_61WKLAAXX:1:39:7632:18571#0;+;chr16;780696;-;chr5;116359;0
example.bam;chr16-chr5;4;516;247;269;781569;781569;0;NiNi;116029;116029;0;NiNi;-1;-1;0.918215613383;NA;25.0;0;AZOTE_61WKLAAXX_61WKLAAXX:1:3:17105:5745#0;+;chr16;780167;-;chr5;116356;0
example.bam;chr16-chr5;4;516;247;269;781569;781569;0;NiNi;116029;116029;0;NiNi;-1;-1;0.918215613383;NA;25.0;0;AZOTE_61WKLAAXX_61WKLAAXX:1:37:1842:14033#0;+;chr16;780497;-;chr5;116879;0
example.bam;chr16-chr5;4;516;247;269;781569;781569;0;NiNi;116029;116029;0;NiNi;-1;-1;0.918215613383;NA;25.0;0;AZOTE_61WKLAAXX_61WKLAAXX:1:116:10143:3674#0;+;chr16;779919;-;chr5;116845;0
example.bam;chr16-chr5;4;516;247;269;781569;781569;0;NiNi;116029;116029;0;NiNi;-1;-1;0.918215613383;NA;25.0;0;AZOTE_61WKLAAXX_61WKLAAXX:1:32:2277:10478#0;+;chr16;780528;-;chr5;116579;0
example.bam;chr16-chr5;4;516;247;269;781569;781569;0;NiNi;116029;116029;0;NiNi;-1;-1;0.918215613383;NA;25.0;0;AZOTE_61WKLAAXX_61WKLAAXX:1:49:10043:5276#0;+;chr16;780763;-;chr5;116707;0
example.bam;chr16-chr5;4;516;247;269;781569;781569;0;NiNi;116029;116029;0;NiNi;-1;-1;0.918215613383;NA;25.0;0;AZOTE_61WKLAAXX_61WKLAAXX:1:51:4369:7502#0;+;chr16;781085;-;chr5;116816;0
example.bam;chr16-chr5;4;516;247;269;781569;781569;0;NiNi;116029;116029;0;NiNi;-1;-1;0.918215613383;NA;25.0;0;AZOTE_61WKLAAXX_61WKLAAXX:1:3:17452:6082#0;+;chr16;781027;-;chr5;116921;0
example.bam;chr16-chr5;4;516;247;269;781569;781569;0;NiNi;116029;116029;0;NiNi;-1;-1;0.918215613383;NA;25.0;0;AZOTE_61WKLAAXX_61WKLAAXX:1:85:10368:10853#0;+;chr16;779792;-;chr5;116220;0
example.bam;chr16-chr5;4;516;247;269;781569;781569;0;NiNi;116029;116029;0;NiNi;-1;-1;0.918215613383;NA;25.0;0;AZOTE_61WKLAAXX_61WKLAAXX:1:60:2866:13424#0;+;chr16;780966;-;chr5;116902;0
example.bam;chr16-chr5;4;516;247;269;781569;781569;0;NiNi;116029;116029;0;NiNi;-1;-1;0.918215613383;NA;25.0;0;AZOTE_61WKLAAXX_61WKLAAXX:1:85:7762:1530#0;+;chr16;780185;-;chr5;116459;0
example.bam;chr16-chr5;4;516;247;269;781569;781569;0;NiNi;116029;116029;0;NiNi;-1;-1;0.918215613383;NA;25.0;0;AZOTE_61WKLAAXX_61WKLAAXX:1:41:11462:11097#0;+;chr16;780764;-;chr5;116714;0
example.bam;chr16-chr5;4;516;247;269;781569;781569;0;NiNi;116029;116029;0;NiNi;-1;-1;0.918215613383;NA;25.0;0;AZOTE_61WKLAAXX_61WKLAAXX:1:88:10221:7869#0;+;chr16;779857;-;chr5;116174;0
example.bam;chr16-chr5;4;516;247;269;781569;781569;0;NiNi;116029;116029;0;NiNi;-1;-1;0.918215613383;NA;25.0;0;AZOTE_61WKLAAXX_61WKLAAXX:1:56:10438:7929#0;+;chr16;779634;-;chr5;116087;0
example.bam;chr16-chr5;4;516;247;269;781569;781569;0;NiNi;116029;116029;0;NiNi;-1;-1;0.918215613383;NA;25.0;0;AZOTE_61WKLAAXX_61WKLAAXX:1:34:7409:5610#0;+;chr16;780882;-;chr5;116650;0
example.bam;chr16-chr5;4;516;247;269;781569;781569;0;NiNi;116029;116029;0;NiNi;-1;-1;0.918215613383;NA;25.0;0;AZOTE_61WKLAAXX_61WKLAAXX:1:9:11320:9785#0;+;chr16;780881;-;chr5;116732;0
example.bam;chr16-chr5;4;516;247;269;781569;781569;0;NiNi;116029;116029;0;NiNi;-1;-1;0.918215613383;NA;25.0;0;AZOTE_61WKLAAXX_61WKLAAXX:1:43:13952:18537#0;+;chr16;780518;-;chr5;116922;0
example.bam;chr16-chr5;4;516;247;269;781569;781569;0;NiNi;116029;116029;0;NiNi;-1;-1;0.918215613383;NA;25.0;0;AZOTE_61WKLAAXX_61WKLAAXX:1:34:14035:20936#0;+;chr16;780937;-;chr5;116691;0
example.bam;chr16-chr5;4;516;247;269;781569;781569;0;NiNi;116029;116029;0;NiNi;-1;-1;0.918215613383;NA;25.0;0;AZOTE_61WKLAAXX_61WKLAAXX:1:8:2181:8145#0;+;chr16;780327;-;chr5;116281;0
example.bam;chr16-chr5;4;516;247;269;781569;781569;0;NiNi;116029;116029;0;NiNi;-1;-1;0.918215613383;NA;25.0;0;AZOTE_61WKLAAXX_61WKLAAXX:1:69:9782:18176#0;+;chr16;780423;-;chr5;116167;0
example.bam;chr16-chr5;4;516;247;269;781569;781569;0;NiNi;116029;116029;0;NiNi;-1;-1;0.918215613383;NA;25.0;0;AZOTE_61WKLAAXX_61WKLAAXX:1:113:18340:6739#0;+;chr16;780969;-;chr5;116974;0
example.bam;chr16-chr5;4;516;247;269;781569;781569;0;NiNi;116029;116029;0;NiNi;-1;-1;0.918215613383;NA;25.0;0;AZOTE_61WKLAAXX_61WKLAAXX:1:10:10596:8831#0;+;chr16;781033;-;chr5;116963;0
example.bam;chr16-chr5;4;516;247;269;781569;781569;0;NiNi;116029;116029;0;NiNi;-1;-1;0.918215613383;NA;25.0;0;AZOTE_61WKLAAXX_61WKLAAXX:1:43:4415:6929#0;+;chr16;780075;-;chr5;116695;0
example.bam;chr16-chr5;4;516;247;269;781569;781569;0;NiNi;116029;116029;0;NiNi;-1;-1;0.918215613383;NA;25.0;0;AZOTE_61WKLAAXX_61WKLAAXX:1:44:6421:12694#0;+;chr16;780149;-;chr5;116296;0
example.bam;chr16-chr5;4;516;247;269;781569;781569;0;NiNi;116029;116029;0;NiNi;-1;-1;0.918215613383;NA;25.0;0;AZOTE_61WKLAAXX_61WKLAAXX:1:85:13285:14722#0;+;chr16;775734;-;chr5;116189;0
example.bam;chr16-chr5;4;516;247;269;781569;781569;0;NiNi;116029;116029;0;NiNi;-1;-1;0.918215613383;NA;25.0;0;AZOTE_61WKLAAXX_61WKLAAXX:1:60:9724:7491#0;+;chr16;780594;-;chr5;116657;0
example.bam;chr16-chr5;4;516;247;269;781569;781569;0;NiNi;116029;116029;0;NiNi;-1;-1;0.918215613383;NA;25.0;0;AZOTE_61WKLAAXX_61WKLAAXX:1:85:7815:11006#0;+;chr16;780760;-;chr5;116857;0
example.bam;chr16-chr5;4;516;247;269;781569;781569;0;NiNi;116029;116029;0;NiNi;-1;-1;0.918215613383;NA;25.0;0;AZOTE_61WKLAAXX_61WKLAAXX:1:49:17315:10475#0;+;chr16;780304;-;chr5;116275;0
example.bam;chr16-chr5;4;516;247;269;781569;781569;0;NiNi;116029;116029;0;NiNi;-1;-1;0.918215613383;NA;25.0;0;AZOTE_61WKLAAXX_61WKLAAXX:1:107:8671:10340#0;+;chr16;780070;-;chr5;116363;0
example.bam;chr16-chr5;4;516;247;269;781569;781569;0;NiNi;116029;116029;0;NiNi;-1;-1;0.918215613383;NA;25.0;0;AZOTE_61WKLAAXX_61WKLAAXX:1:10:13956:20796#0;+;chr16;780206;-;chr5;116825;0
example.bam;chr16-chr5;4;516;247;269;781569;781569;0;NiNi;116029;116029;0;NiNi;-1;-1;0.918215613383;NA;25.0;0;AZOTE_61WKLAAXX_61WKLAAXX:1:36:10987:10355#0;+;chr16;780042;-;chr5;116194;0
example.bam;chr16-chr5;4;516;247;269;781569;781569;0;NiNi;116029;116029;0;NiNi;-1;-1;0.918215613383;NA;25.0;0;AZOTE_61WKLAAXX_61WKLAAXX:1:72:14415:1879#0;+;chr16;779762;-;chr5;116486;0
example.bam;chr16-chr5;4;516;247;269;781569;781569;0;NiNi;116029;116029;0;NiNi;-1;-1;0.918215613383;NA;25.0;0;AZOTE_61WKLAAXX_61WKLAAXX:1:19:11911:9434#0;+;chr16;780755;-;chr5;116684;0
example.bam;chr16-chr5;4;516;247;269;781569;781569;0;NiNi;116029;116029;0;NiNi;-1;-1;0.918215613383;NA;25.0;0;AZOTE_61WKLAAXX_61WKLAAXX:1:56:14895:9965#0;+;chr16;781379;-;chr5;116948;0
example.bam;chr16-chr5;4;516;247;269;781569;781569;0;NiNi;116029;116029;0;NiNi;-1;-1;0.918215613383;NA;25.0;0;AZOTE_61WKLAAXX_61WKLAAXX:1:50:17110:19309#0;+;chr16;780584;-;chr5;116374;0
example.bam;chr16-chr5;4;516;247;269;781569;781569;0;NiNi;116029;116029;0;NiNi;-1;-1;0.918215613383;NA;25.0;0;AZOTE_61WKLAAXX_61WKLAAXX:1:109:17752:16627#0;+;chr16;780310;-;chr5;116417;0
example.bam;chr16-chr5;4;516;247;269;781569;781569;0;NiNi;116029;116029;0;NiNi;-1;-1;0.918215613383;NA;25.0;0;AZOTE_61WKLAAXX_61WKLAAXX:1:18:3243:10811#0;+;chr16;780307;-;chr5;116838;0
example.bam;chr16-chr5;4;516;247;269;781569;781569;0;NiNi;116029;116029;0;NiNi;-1;-1;0.918215613383;NA;25.0;0;AZOTE_61WKLAAXX_61WKLAAXX:1:111:2226:19835#0;+;chr16;777402;-;chr5;116239;0
example.bam;chr16-chr5;4;516;247;269;781569;781569;0;NiNi;116029;116029;0;NiNi;-1;-1;0.918215613383;NA;25.0;0;AZOTE_61WKLAAXX_61WKLAAXX:1:51:9475:5422#0;+;chr16;780860;-;chr5;116298;0
example.bam;chr16-chr5;4;516;247;269;781569;781569;0;NiNi;116029;116029;0;NiNi;-1;-1;0.918215613383;NA;25.0;0;AZOTE_61WKLAAXX_61WKLAAXX:1:8:6442:13094#0;+;chr16;780399;-;chr5;116756;0
example.bam;chr16-chr5;4;516;247;269;781569;781569;0;NiNi;116029;116029;0;NiNi;-1;-1;0.918215613383;NA;25.0;0;AZOTE_61WKLAAXX_61WKLAAXX:1:101:2646:3791#0;+;chr16;780765;-;chr5;116756;0
example.bam;chr16-chr5;4;516;247;269;781569;781569;0;NiNi;116029;116029;0;NiNi;-1;-1;0.918215613383;NA;25.0;0;AZOTE_61WKLAAXX_61WKLAAXX:1:43:13459:3603#0;+;chr16;780408;-;chr5;116451;0
example.bam;chr16-chr5;4;516;247;269;781569;781569;0;NiNi;116029;116029;0;NiNi;-1;-1;0.918215613383;NA;25.0;0;AZOTE_61WKLAAXX_61WKLAAXX:1:114:9222:8537#0;+;chr16;780412;-;chr5;116500;0
example.bam;chr16-chr5;4;516;247;269;781569;781569;0;NiNi;116029;116029;0;NiNi;-1;-1;0.918215613383;NA;25.0;0;AZOTE_61WKLAAXX_61WKLAAXX:1:29:3504:20090#0;+;chr16;780339;-;chr5;116465;0
example.bam;chr16-chr5;4;516;247;269;781569;781569;0;NiNi;116029;116029;0;NiNi;-1;-1;0.918215613383;NA;25.0;0;AZOTE_61WKLAAXX_61WKLAAXX:1:111:18733:10419#0;+;chr16;779595;-;chr5;116094;0
example.bam;chr16-chr5;4;516;247;269;781569;781569;0;NiNi;116029;116029;0;NiNi;-1;-1;0.918215613383;NA;25.0;0;AZOTE_61WKLAAXX_61WKLAAXX:1:20:16588:17954#0;+;chr16;780485;-;chr5;116843;0
example.bam;chr16-chr5;4;516;247;269;781569;781569;0;NiNi;116029;116029;0;NiNi;-1;-1;0.918215613383;NA;25.0;0;AZOTE_61WKLAAXX_61WKLAAXX:1:107:11366:7393#0;+;chr16;780392;-;chr5;116773;0
example.bam;chr16-chr5;4;516;247;269;781569;781569;0;NiNi;116029;116029;0;NiNi;-1;-1;0.918215613383;NA;25.0;0;AZOTE_61WKLAAXX_61WKLAAXX:1:87:9258:2343#0;+;chr16;780278;-;chr5;116373;0
example.bam;chr16-chr5;4;516;247;269;781569;781569;0;NiNi;116029;116029;0;NiNi;-1;-1;0.918215613383;NA;25.0;0;AZOTE_61WKLAAXX_61WKLAAXX:1:14:12487:3145#0;+;chr16;781012;-;chr5;116910;0
example.bam;chr16-chr5;4;516;247;269;781569;781569;0;NiNi;116029;116029;0;NiNi;-1;-1;0.918215613383;NA;25.0;0;AZOTE_61WKLAAXX_61WKLAAXX:1:9:15712:21209#0;+;chr16;780570;-;chr5;116350;0
example.bam;chr16-chr5;4;516;247;269;781569;781569;0;NiNi;116029;116029;0;NiNi;-1;-1;0.918215613383;NA;25.0;0;AZOTE_61WKLAAXX_61WKLAAXX:1:51:6752:17317#0;+;chr16;776685;-;chr5;116119;0
example.bam;chr16-chr5;4;516;247;269;781569;781569;0;NiNi;116029;116029;0;NiNi;-1;-1;0.918215613383;NA;25.0;0;AZOTE_61WKLAAXX_61WKLAAXX:1:95:18466:2066#0;+;chr16;780213;-;chr5;116397;0
example.bam;chr16-chr5;4;516;247;269;781569;781569;0;NiNi;116029;116029;0;NiNi;-1;-1;0.918215613383;NA;25.0;0;AZOTE_61WKLAAXX_61WKLAAXX:1:22:14185:18436#0;+;chr16;779935;-;chr5;116738;0
example.bam;chr16-chr5;4;516;247;269;781569;781569;0;NiNi;116029;116029;0;NiNi;-1;-1;0.918215613383;NA;25.0;0;AZOTE_61WKLAAXX_61WKLAAXX:1:7:11112:18643#0;+;chr16;780450;-;chr5;116586;0
example.bam;chr16-chr5;4;516;247;269;781569;781569;0;NiNi;116029;116029;0;NiNi;-1;-1;0.918215613383;NA;25.0;0;AZOTE_61WKLAAXX_61WKLAAXX:1:50:18335:4204#0;+;chr16;780112;-;chr5;116882;0
example.bam;chr16-chr5;4;516;247;269;781569;781569;0;NiNi;116029;116029;0;NiNi;-1;-1;0.918215613383;NA;25.0;0;AZOTE_61WKLAAXX_61WKLAAXX:1:43:7243:17073#0;+;chr16;779725;-;chr5;116226;0
example.bam;chr16-chr5;4;516;247;269;781569;781569;0;NiNi;116029;116029;0;NiNi;-1;-1;0.918215613383;NA;25.0;0;AZOTE_61WKLAAXX_61WKLAAXX:1:52:17771:6285#0;+;chr16;780278;-;chr5;116353;0
example.bam;chr16-chr5;4;516;247;269;781569;781569;0;NiNi;116029;116029;0;NiNi;-1;-1;0.918215613383;NA;25.0;0;AZOTE_61WKLAAXX_61WKLAAXX:1:104:7227:11846#0;+;chr16;781096;-;chr5;116816;0
example.bam;chr16-chr5;4;516;247;269;781569;781569;0;NiNi;116029;116029;0;NiNi;-1;-1;0.918215613383;NA;25.0;0;AZOTE_61WKLAAXX_61WKLAAXX:1:22:7923:11551#0;+;chr16;780563;-;chr5;116277;0
example.bam;chr16-chr5;4;516;247;269;781569;781569;0;NiNi;116029;116029;0;NiNi;-1;-1;0.918215613383;NA;25.0;0;AZOTE_61WKLAAXX_61WKLAAXX:1:62:6097:8383#0;+;chr16;780920;-;chr5;116255;0
example.bam;chr16-chr5;4;516;247;269;781569;781569;0;NiNi;116029;116029;0;NiNi;-1;-1;0.918215613383;NA;25.0;0;AZOTE_61WKLAAXX_61WKLAAXX:1:31:6632:7784#0;+;chr16;780446;-;chr5;116698;0
example.bam;chr16-chr5;4;516;247;269;781569;781569;0;NiNi;116029;116029;0;NiNi;-1;-1;0.918215613383;NA;25.0;0;AZOTE_61WKLAAXX_61WKLAAXX:1:11:12989:5108#0;+;chr16;780380;-;chr5;116941;0
example.bam;chr16-chr5;4;516;247;269;781569;781569;0;NiNi;116029;116029;0;NiNi;-1;-1;0.918215613383;NA;25.0;0;AZOTE_61WKLAAXX_61WKLAAXX:1:32:15416:7723#0;+;chr16;780328;-;chr5;116429;0
example.bam;chr16-chr5;4;516;247;269;781569;781569;0;NiNi;116029;116029;0;NiNi;-1;-1;0.918215613383;NA;25.0;0;AZOTE_61WKLAAXX_61WKLAAXX:1:101:7582:17926#0;+;chr16;780154;-;chr5;116309;0
example.bam;chr16-chr5;4;516;247;269;781569;781569;0;NiNi;116029;116029;0;NiNi;-1;-1;0.918215613383;NA;25.0;0;AZOTE_61WKLAAXX_61WKLAAXX:1:116:7063:2765#0;+;chr16;780590;-;chr5;116917;0
example.bam;chr16-chr5;4;516;247;269;781569;781569;0;NiNi;116029;116029;0;NiNi;-1;-1;0.918215613383;NA;25.0;0;AZOTE_61WKLAAXX_61WKLAAXX:1:7:10371:6010#0;+;chr16;780994;-;chr5;116918;0
example.bam;chr16-chr5;4;516;247;269;781569;781569;0;NiNi;116029;116029;0;NiNi;-1;-1;0.918215613383;NA;25.0;0;AZOTE_61WKLAAXX_61WKLAAXX:1:2:19490:5064#0;+;chr16;780061;-;chr5;116347;0
example.bam;chr16-chr5;4;516;247;269;781569;781569;0;NiNi;116029;116029;0;NiNi;-1;-1;0.918215613383;NA;25.0;0;AZOTE_61WKLAAXX_61WKLAAXX:1:113:18222:5735#0;+;chr16;780576;-;chr5;116865;0
example.bam;chr16-chr5;4;516;247;269;781569;781569;0;NiNi;116029;116029;0;NiNi;-1;-1;0.918215613383;NA;25.0;0;AZOTE_61WKLAAXX_61WKLAAXX:1:70:2260:4161#0;+;chr16;780489;-;chr5;116692;0
example.bam;chr16-chr5;4;516;247;269;781569;781569;0;NiNi;116029;116029;0;NiNi;-1;-1;0.918215613383;NA;25.0;0;AZOTE_61WKLAAXX_61WKLAAXX:1:7:5266:1520#0;+;chr16;780880;-;chr5;116660;0
example.bam;chr16-chr5;4;516;247;269;781569;781569;0;NiNi;116029;116029;0;NiNi;-1;-1;0.918215613383;NA;25.0;0;AZOTE_61WKLAAXX_61WKLAAXX:1:120:15065:13967#0;+;chr16;780537;-;chr5;116339;0
example.bam;chr16-chr5;4;516;247;269;781569;781569;0;NiNi;116029;116029;0;NiNi;-1;-1;0.918215613383;NA;25.0;0;AZOTE_61WKLAAXX_61WKLAAXX:1:52:11624:15895#0;+;chr16;779898;-;chr5;116391;0
example.bam;chr16-chr5;4;516;247;269;781569;781569;0;NiNi;116029;116029;0;NiNi;-1;-1;0.918215613383;NA;25.0;0;AZOTE_61WKLAAXX_61WKLAAXX:1:13:9638:8734#0;+;chr16;780601;-;chr5;116369;0
example.bam;chr16-chr5;4;516;247;269;781569;781569;0;NiNi;116029;116029;0;NiNi;-1;-1;0.918215613383;NA;25.0;0;AZOTE_61WKLAAXX_61WKLAAXX:1:70:1492:21127#0;+;chr16;779653;-;chr5;116413;0
example.bam;chr16-chr5;4;516;247;269;781569;781569;0;NiNi;116029;116029;0;NiNi;-1;-1;0.918215613383;NA;25.0;0;AZOTE_61WKLAAXX_61WKLAAXX:1:57:10807:19199#0;+;chr16;778847;-;chr5;116247;0
example.bam;chr16-chr5;4;516;247;269;781569;781569;0;NiNi;116029;116029;0;NiNi;-1;-1;0.918215613383;NA;25.0;0;AZOTE_61WKLAAXX_61WKLAAXX:1:118:2875:15261#0;+;chr16;780524;-;chr5;116262;0
example.bam;chr16-chr5;4;516;247;269;781569;781569;0;NiNi;116029;116029;0;NiNi;-1;-1;0.918215613383;NA;25.0;0;AZOTE_61WKLAAXX_61WKLAAXX:1:92:4437:20025#0;+;chr16;780270;-;chr5;116105;0
example.bam;chr16-chr5;4;516;247;269;781569;781569;0;NiNi;116029;116029;0;NiNi;-1;-1;0.918215613383;NA;25.0;0;AZOTE_61WKLAAXX_61WKLAAXX:1:14:12542:18759#0;+;chr16;780094;-;chr5;116108;0
example.bam;chr16-chr5;4;516;247;269;781569;781569;0;NiNi;116029;116029;0;NiNi;-1;-1;0.918215613383;NA;25.0;0;AZOTE_61WKLAAXX_61WKLAAXX:1:99:7438:10134#0;+;chr16;779938;-;chr5;116199;0
example.bam;chr16-chr5;4;516;247;269;781569;781569;0;NiNi;116029;116029;0;NiNi;-1;-1;0.918215613383;NA;25.0;0;AZOTE_61WKLAAXX_61WKLAAXX:1:4:5702:8825#0;+;chr16;780793;-;chr5;116978;0
example.bam;chr16-chr5;4;516;247;269;781569;781569;0;NiNi;116029;116029;0;NiNi;-1;-1;0.918215613383;NA;25.0;0;AZOTE_61WKLAAXX_61WKLAAXX:1:109:7784:4626#0;+;chr16;780474;-;chr5;116474;0
example.bam;chr16-chr5;4;516;247;269;781569;781569;0;NiNi;116029;116029;0;NiNi;-1;-1;0.918215613383;NA;25.0;0;AZOTE_61WKLAAXX_61WKLAAXX:1:45:9388:17331#0;+;chr16;780255;-;chr5;116270;0
example.bam;chr16-chr5;4;516;247;269;781569;781569;0;NiNi;116029;116029;0;NiNi;-1;-1;0.918215613383;NA;25.0;0;AZOTE_61WKLAAXX_61WKLAAXX:1:113:12119:1690#0;+;chr16;781354;-;chr5;116871;0
example.bam;chr16-chr5;4;516;247;269;781569;781569;0;NiNi;116029;116029;0;NiNi;-1;-1;0.918215613383;NA;25.0;0;AZOTE_61WKLAAXX_61WKLAAXX:1:5:2204:7276#0;+;chr16;780072;-;chr5;116393;0
example.bam;chr16-chr5;4;516;247;269;781569;781569;0;NiNi;116029;116029;0;NiNi;-1;-1;0.918215613383;NA;25.0;0;AZOTE_61WKLAAXX_61WKLAAXX:1:84:16078:16674#0;+;chr16;780371;-;chr5;116803;0
example.bam;chr16-chr5;4;516;247;269;781569;781569;0;NiNi;116029;116029;0;NiNi;-1;-1;0.918215613383;NA;25.0;0;AZOTE_61WKLAAXX_61WKLAAXX:1:117:17522:20652#0;+;chr16;779653;-;chr5;116837;0
example.bam;chr16-chr5;4;516;247;269;781569;781569;0;NiNi;116029;116029;0;NiNi;-1;-1;0.918215613383;NA;25.0;0;AZOTE_61WKLAAXX_61WKLAAXX:1:72:15370:7341#0;+;chr16;780060;-;chr5;116400;0
example.bam;chr16-chr5;4;516;247;269;781569;781569;0;NiNi;116029;116029;0;NiNi;-1;-1;0.918215613383;NA;25.0;0;AZOTE_61WKLAAXX_61WKLAAXX:1:14:2557:19417#0;+;chr16;780037;-;chr5;116198;0
example.bam;chr16-chr5;4;516;247;269;781569;781569;0;NiNi;116029;116029;0;NiNi;-1;-1;0.918215613383;NA;25.0;0;AZOTE_61WKLAAXX_61WKLAAXX:1:102:13083:13098#0;+;chr16;780368;-;chr5;116141;0
example.bam;chr16-chr5;4;516;247;269;781569;781569;0;NiNi;116029;116029;0;NiNi;-1;-1;0.918215613383;NA;25.0;0;AZOTE_61WKLAAXX_61WKLAAXX:1:42:8469:7785#0;+;chr16;780508;-;chr5;116739;0
example.bam;chr16-chr5;4;516;247;269;781569;781569;0;NiNi;116029;116029;0;NiNi;-1;-1;0.918215613383;NA;25.0;0;AZOTE_61WKLAAXX_61WKLAAXX:1:2:5086:20718#0;+;chr16;780782;-;chr5;116719;0
example.bam;chr16-chr5;4;516;247;269;781569;781569;0;NiNi;116029;116029;0;NiNi;-1;-1;0.918215613383;NA;25.0;0;AZOTE_61WKLAAXX_61WKLAAXX:1:94:17607:4069#0;+;chr16;779757;-;chr5;116188;0
example.bam;chr16-chr5;4;516;247;269;781569;781569;0;NiNi;116029;116029;0;NiNi;-1;-1;0.918215613383;NA;25.0;0;AZOTE_61WKLAAXX_61WKLAAXX:1:17:18122:15080#0;+;chr16;780399;-;chr5;116654;0
example.bam;chr16-chr5;4;516;247;269;781569;781569;0;NiNi;116029;116029;0;NiNi;-1;-1;0.918215613383;NA;25.0;0;AZOTE_61WKLAAXX_61WKLAAXX:1:108:16308:4727#0;+;chr16;779235;-;chr5;116218;0
example.bam;chr16-chr5;4;516;247;269;781569;781569;0;NiNi;116029;116029;0;NiNi;-1;-1;0.918215613383;NA;25.0;0;AZOTE_61WKLAAXX_61WKLAAXX:1:67:10427:2140#0;+;chr16;776976;-;chr5;116525;0
example.bam;chr16-chr5;4;516;247;269;781569;781569;0;NiNi;116029;116029;0;NiNi;-1;-1;0.918215613383;NA;25.0;0;AZOTE_61WKLAAXX_61WKLAAXX:1:85:14752:17711#0;+;chr16;780098;-;chr5;116317;0
example.bam;chr16-chr5;4;516;247;269;781569;781569;0;NiNi;116029;116029;0;NiNi;-1;-1;0.918215613383;NA;25.0;0;AZOTE_61WKLAAXX_61WKLAAXX:1:38:11905:13042#0;+;chr16;780328;-;chr5;116952;0
example.bam;chr16-chr5;4;516;247;269;781569;781569;0;NiNi;116029;116029;0;NiNi;-1;-1;0.918215613383;NA;25.0;0;AZOTE_61WKLAAXX_61WKLAAXX:1:43:17672:5269#0;+;chr16;781161;-;chr5;116717;0
example.bam;chr16-chr5;4;516;247;269;781569;781569;0;NiNi;116029;116029;0;NiNi;-1;-1;0.918215613383;NA;25.0;0;AZOTE_61WKLAAXX_61WKLAAXX:1:60:15733:5975#0;+;chr16;780726;-;chr5;116770;0
example.bam;chr16-chr5;4;516;247;269;781569;781569;0;NiNi;116029;116029;0;NiNi;-1;-1;0.918215613383;NA;25.0;0;AZOTE_61WKLAAXX_61WKLAAXX:1:18:11596:12405#0;+;chr16;780873;-;chr5;116670;0
example.bam;chr16-chr5;4;516;247;269;781569;781569;0;NiNi;116029;116029;0;NiNi;-1;-1;0.918215613383;NA;25.0;0;AZOTE_61WKLAAXX_61WKLAAXX:1:16:10739:2970#0;+;chr16;780647;-;chr5;116796;0
example.bam;chr16-chr5;4;516;247;269;781569;781569;0;NiNi;116029;116029;0;NiNi;-1;-1;0.918215613383;NA;25.0;0;AZOTE_61WKLAAXX_61WKLAAXX:1:107:8973:1189#0;+;chr16;780654;-;chr5;116300;0
example.bam;chr16-chr5;4;516;247;269;781569;781569;0;NiNi;116029;116029;0;NiNi;-1;-1;0.918215613383;NA;25.0;0;AZOTE_61WKLAAXX_61WKLAAXX:1:86:6390:16243#0;+;chr16;779744;-;chr5;116308;0
example.bam;chr16-chr5;4;516;247;269;781569;781569;0;NiNi;116029;116029;0;NiNi;-1;-1;0.918215613383;NA;25.0;0;AZOTE_61WKLAAXX_61WKLAAXX:1:114:17050:10154#0;+;chr16;780450;-;chr5;116350;0
example.bam;chr16-chr5;4;516;247;269;781569;781569;0;NiNi;116029;116029;0;NiNi;-1;-1;0.918215613383;NA;25.0;0;AZOTE_61WKLAAXX_61WKLAAXX:1:118:18135:1228#0;+;chr16;780951;-;chr5;116815;0
example.bam;chr16-chr5;4;516;247;269;781569;781569;0;NiNi;116029;116029;0;NiNi;-1;-1;0.918215613383;NA;25.0;0;AZOTE_61WKLAAXX_61WKLAAXX:1:55:12549:7787#0;+;chr16;780491;-;chr5;116856;0
example.bam;chr16-chr5;4;516;247;269;781569;781569;0;NiNi;116029;116029;0;NiNi;-1;-1;0.918215613383;NA;25.0;0;AZOTE_61WKLAAXX_61WKLAAXX:1:43:19331:20870#0;+;chr16;779835;-;chr5;116208;0
example.bam;chr16-chr5;4;516;247;269;781569;781569;0;NiNi;116029;116029;0;NiNi;-1;-1;0.918215613383;NA;25.0;0;AZOTE_61WKLAAXX_61WKLAAXX:1:27:2534:8152#0;+;chr16;781462;-;chr5;116841;0
example.bam;chr16-chr5;4;516;247;269;781569;781569;0;NiNi;116029;116029;0;NiNi;-1;-1;0.918215613383;NA;25.0;0;AZOTE_61WKLAAXX_61WKLAAXX:1:47:2950:15144#0;+;chr16;779664;-;chr5;116469;0
example.bam;chr16-chr5;4;516;247;269;781569;781569;0;NiNi;116029;116029;0;NiNi;-1;-1;0.918215613383;NA;25.0;0;AZOTE_61WKLAAXX_61WKLAAXX:1:40:18888:20110#0;+;chr16;780017;-;chr5;116177;0
example.bam;chr16-chr5;4;516;247;269;781569;781569;0;NiNi;116029;116029;0;NiNi;-1;-1;0.918215613383;NA;25.0;0;AZOTE_61WKLAAXX_61WKLAAXX:1:115:18877:17676#0;+;chr16;781222;-;chr5;116970;0
example.bam;chr16-chr5;4;516;247;269;781569;781569;0;NiNi;116029;116029;0;NiNi;-1;-1;0.918215613383;NA;25.0;0;AZOTE_61WKLAAXX_61WKLAAXX:1:65:17672:12934#0;+;chr16;779701;-;chr5;116243;0
example.bam;chr16-chr5;4;516;247;269;781569;781569;0;NiNi;116029;116029;0;NiNi;-1;-1;0.918215613383;NA;25.0;0;AZOTE_61WKLAAXX_61WKLAAXX:1:45:5936:2650#0;+;chr16;780159;-;chr5;116434;0
example.bam;chr16-chr5;4;516;247;269;781569;781569;0;NiNi;116029;116029;0;NiNi;-1;-1;0.918215613383;NA;25.0;0;AZOTE_61WKLAAXX_61WKLAAXX:1:93:7484:9398#0;+;chr16;780066;-;chr5;116223;0
example.bam;chr16-chr5;4;516;247;269;781569;781569;0;NiNi;116029;116029;0;NiNi;-1;-1;0.918215613383;NA;25.0;0;AZOTE_61WKLAAXX_61WKLAAXX:1:11:5778:20676#0;+;chr16;777122;-;chr5;116481;0
example.bam;chr16-chr5;4;516;247;269;781569;781569;0;NiNi;116029;116029;0;NiNi;-1;-1;0.918215613383;NA;25.0;0;AZOTE_61WKLAAXX_61WKLAAXX:1:37:14037:8953#0;+;chr16;780836;-;chr5;116875;0
example.bam;chr16-chr5;4;516;247;269;781569;781569;0;NiNi;116029;116029;0;NiNi;-1;-1;0.918215613383;NA;25.0;0;AZOTE_61WKLAAXX_61WKLAAXX:1:10:16428:7243#0;+;chr16;778537;-;chr5;116139;0
example.bam;chr16-chr5;4;516;247;269;781569;781569;0;NiNi;116029;116029;0;NiNi;-1;-1;0.918215613383;NA;25.0;0;AZOTE_61WKLAAXX_61WKLAAXX:1:94:8648:2773#0;+;chr16;780411;-;chr5;116592;0
example.bam;chr16-chr5;4;516;247;269;781569;781569;0;NiNi;116029;116029;0;NiNi;-1;-1;0.918215613383;NA;25.0;0;AZOTE_61WKLAAXX_61WKLAAXX:1:79:16729:20318#0;+;chr16;779749;-;chr5;116209;0
example.bam;chr16-chr5;4;516;247;269;781569;781569;0;NiNi;116029;116029;0;NiNi;-1;-1;0.918215613383;NA;25.0;0;AZOTE_61WKLAAXX_61WKLAAXX:1:107:8419:13193#0;+;chr16;779264;-;chr5;116120;0
example.bam;chr16-chr5;4;516;247;269;781569;781569;0;NiNi;116029;116029;0;NiNi;-1;-1;0.918215613383;NA;25.0;0;AZOTE_61WKLAAXX_61WKLAAXX:1:59:2748:3067#0;+;chr16;781125;-;chr5;116690;0
example.bam;chr16-chr5;4;516;247;269;781569;781569;0;NiNi;116029;116029;0;NiNi;-1;-1;0.918215613383;NA;25.0;0;AZOTE_61WKLAAXX_61WKLAAXX:1:32:1926:18041#0;+;chr16;780078;-;chr5;116165;0
example.bam;chr16-chr5;4;516;247;269;781569;781569;0;NiNi;116029;116029;0;NiNi;-1;-1;0.918215613383;NA;25.0;0;AZOTE_61WKLAAXX_61WKLAAXX:1:94:13678:9088#0;+;chr16;780950;-;chr5;116645;0
example.bam;chr16-chr5;4;516;247;269;781569;781569;0;NiNi;116029;116029;0;NiNi;-1;-1;0.918215613383;NA;25.0;0;AZOTE_61WKLAAXX_61WKLAAXX:1:67:11225:2456#0;+;chr16;779316;-;chr5;116910;0
example.bam;chr16-chr5;4;516;247;269;781569;781569;0;NiNi;116029;116029;0;NiNi;-1;-1;0.918215613383;NA;25.0;0;AZOTE_61WKLAAXX_61WKLAAXX:1:14:15863:19778#0;+;chr16;780015;-;chr5;116427;0
example.bam;chr16-chr5;4;516;247;269;781569;781569;0;NiNi;116029;116029;0;NiNi;-1;-1;0.918215613383;NA;25.0;0;AZOTE_61WKLAAXX_61WKLAAXX:1:71:10382:15942#0;+;chr16;780274;-;chr5;116165;0
example.bam;chr16-chr5;4;516;247;269;781569;781569;0;NiNi;116029;116029;0;NiNi;-1;-1;0.918215613383;NA;25.0;0;AZOTE_61WKLAAXX_61WKLAAXX:1:87:12174:16192#0;+;chr16;780100;-;chr5;116130;0
example.bam;chr16-chr5;4;516;247;269;781569;781569;0;NiNi;116029;116029;0;NiNi;-1;-1;0.918215613383;NA;25.0;0;AZOTE_61WKLAAXX_61WKLAAXX:1:34:10196:20412#0;+;chr16;780149;-;chr5;116282;0
example.bam;chr16-chr5;4;516;247;269;781569;781569;0;NiNi;116029;116029;0;NiNi;-1;-1;0.918215613383;NA;25.0;0;AZOTE_61WKLAAXX_61WKLAAXX:1:70:8617:9522#0;+;chr16;780147;-;chr5;116522;0
example.bam;chr16-chr5;4;516;247;269;781569;781569;0;NiNi;116029;116029;0;NiNi;-1;-1;0.918215613383;NA;25.0;0;AZOTE_61WKLAAXX_61WKLAAXX:1:72:4644:15124#0;+;chr16;779079;-;chr5;116684;0
example.bam;chr16-chr5;4;516;247;269;781569;781569;0;NiNi;116029;116029;0;NiNi;-1;-1;0.918215613383;NA;25.0;0;AZOTE_61WKLAAXX_61WKLAAXX:1:111:6585:4160#0;+;chr16;780166;-;chr5;116275;0
example.bam;chr16-chr5;4;516;247;269;781569;781569;0;NiNi;116029;116029;0;NiNi;-1;-1;0.918215613383;NA;25.0;0;AZOTE_61WKLAAXX_61WKLAAXX:1:96:8536:4032#0;+;chr16;779558;-;chr5;116035;0
example.bam;chr16-chr5;4;516;247;269;781569;781569;0;NiNi;116029;116029;0;NiNi;-1;-1;0.918215613383;NA;25.0;0;AZOTE_61WKLAAXX_61WKLAAXX:1:90:8173:3351#0;+;chr16;780149;-;chr5;116417;0
example.bam;chr16-chr5;4;516;247;269;781569;781569;0;NiNi;116029;116029;0;NiNi;-1;-1;0.918215613383;NA;25.0;0;AZOTE_61WKLAAXX_61WKLAAXX:1:104:13972:11541#0;+;chr16;777754;-;chr5;116402;0
example.bam;chr16-chr5;4;516;247;269;781569;781569;0;NiNi;116029;116029;0;NiNi;-1;-1;0.918215613383;NA;25.0;0;AZOTE_61WKLAAXX_61WKLAAXX:1:74:3053:4700#0;+;chr16;780501;-;chr5;116904;0
example.bam;chr16-chr5;4;516;247;269;781569;781569;0;NiNi;116029;116029;0;NiNi;-1;-1;0.918215613383;NA;25.0;0;AZOTE_61WKLAAXX_61WKLAAXX:1:51:19127:9335#0;+;chr16;780393;-;chr5;116784;0
example.bam;chr16-chr5;4;516;247;269;781569;781569;0;NiNi;116029;116029;0;NiNi;-1;-1;0.918215613383;NA;25.0;0;AZOTE_61WKLAAXX_61WKLAAXX:1:6:7546:21062#0;+;chr16;779832;-;chr5;116105;0
example.bam;chr16-chr5;4;516;247;269;781569;781569;0;NiNi;116029;116029;0;NiNi;-1;-1;0.918215613383;NA;25.0;0;AZOTE_61WKLAAXX_61WKLAAXX:1:70:16418:14136#0;+;chr16;780445;-;chr5;116178;0
example.bam;chr16-chr5;4;516;247;269;781569;781569;0;NiNi;116029;116029;0;NiNi;-1;-1;0.918215613383;NA;25.0;0;AZOTE_61WKLAAXX_61WKLAAXX:1:16:15516:15996#0;+;chr16;780079;-;chr5;116745;0
example.bam;chr16-chr5;4;516;247;269;781569;781569;0;NiNi;116029;116029;0;NiNi;-1;-1;0.918215613383;NA;25.0;0;AZOTE_61WKLAAXX_61WKLAAXX:1:105:12113:17097#0;+;chr16;780295;-;chr5;116289;0
example.bam;chr16-chr5;4;516;247;269;781569;781569;0;NiNi;116029;116029;0;NiNi;-1;-1;0.918215613383;NA;25.0;0;AZOTE_61WKLAAXX_61WKLAAXX:1:21:4738:18291#0;+;chr16;779830;-;chr5;116115;0
example.bam;chr16-chr5;4;516;247;269;781569;781569;0;NiNi;116029;116029;0;NiNi;-1;-1;0.918215613383;NA;25.0;0;AZOTE_61WKLAAXX_61WKLAAXX:1:108:12628:19958#0;+;chr16;780949;-;chr5;116989;0
example.bam;chr16-chr5;4;516;247;269;781569;781569;0;NiNi;116029;116029;0;NiNi;-1;-1;0.918215613383;NA;25.0;0;AZOTE_61WKLAAXX_61WKLAAXX:1:103:18734:15066#0;+;chr16;780627;-;chr5;116710;0
example.bam;chr16-chr5;4;516;247;269;781569;781569;0;NiNi;116029;116029;0;NiNi;-1;-1;0.918215613383;NA;25.0;0;AZOTE_61WKLAAXX_61WKLAAXX:1:47:19451:17738#0;+;chr16;780831;-;chr5;116945;0
example.bam;chr16-chr5;4;516;247;269;781569;781569;0;NiNi;116029;116029;0;NiNi;-1;-1;0.918215613383;NA;25.0;0;AZOTE_61WKLAAXX_61WKLAAXX:1:19:15122:13829#0;+;chr16;779805;-;chr5;116321;0
example.bam;chr16-chr5;4;516;247;269;781569;781569;0;NiNi;116029;116029;0;NiNi;-1;-1;0.918215613383;NA;25.0;0;AZOTE_61WKLAAXX_61WKLAAXX:1:116:17790:9127#0;+;chr16;780361;-;chr5;116672;0
example.bam;chr16-chr5;4;516;247;269;781569;781569;0;NiNi;116029;116029;0;NiNi;-1;-1;0.918215613383;NA;25.0;0;AZOTE_61WKLAAXX_61WKLAAXX:1:18:3636:8428#0;+;chr16;779843;-;chr5;116200;0
example.bam;chr16-chr5;4;516;247;269;781569;781569;0;NiNi;116029;116029;0;NiNi;-1;-1;0.918215613383;NA;25.0;0;AZOTE_61WKLAAXX_61WKLAAXX:1:9:4169:10880#0;+;chr16;780328;-;chr5;116118;0
example.bam;chr16-chr5;4;516;247;269;781569;781569;0;NiNi;116029;116029;0;NiNi;-1;-1;0.918215613383;NA;25.0;0;AZOTE_61WKLAAXX_61WKLAAXX:1:18:9549:3659#0;+;chr16;780458;-;chr5;116439;0
example.bam;chr16-chr5;4;516;247;269;781569;781569;0;NiNi;116029;116029;0;NiNi;-1;-1;0.918215613383;NA;25.0;0;AZOTE_61WKLAAXX_61WKLAAXX:1:99:14743:17404#0;+;chr16;779782;-;chr5;116187;0
example.bam;chr16-chr5;4;516;247;269;781569;781569;0;NiNi;116029;116029;0;NiNi;-1;-1;0.918215613383;NA;25.0;0;AZOTE_61WKLAAXX_61WKLAAXX:1:17:4492:15770#0;+;chr16;781109;-;chr5;116976;0
example.bam;chr16-chr5;4;516;247;269;781569;781569;0;NiNi;116029;116029;0;NiNi;-1;-1;0.918215613383;NA;25.0;0;AZOTE_61WKLAAXX_61WKLAAXX:1:104:8062:10736#0;+;chr16;780788;-;chr5;116876;0
example.bam;chr16-chr5;4;516;247;269;781569;781569;0;NiNi;116029;116029;0;NiNi;-1;-1;0.918215613383;NA;25.0;0;AZOTE_61WKLAAXX_61WKLAAXX:1:26:13222:21259#0;+;chr16;780693;-;chr5;116955;0
example.bam;chr16-chr5;4;516;247;269;781569;781569;0;NiNi;116029;116029;0;NiNi;-1;-1;0.918215613383;NA;25.0;0;AZOTE_61WKLAAXX_61WKLAAXX:1:94:1357:8478#0;+;chr16;780929;-;chr5;116722;0
example.bam;chr16-chr5;4;516;247;269;781569;781569;0;NiNi;116029;116029;0;NiNi;-1;-1;0.918215613383;NA;25.0;0;AZOTE_61WKLAAXX_61WKLAAXX:1:59:2831:5345#0;+;chr16;780659;-;chr5;116794;0
example.bam;chr16-chr5;4;516;247;269;781569;781569;0;NiNi;116029;116029;0;NiNi;-1;-1;0.918215613383;NA;25.0;0;AZOTE_61WKLAAXX_61WKLAAXX:1:83:4952:3702#0;+;chr16;780758;-;chr5;116977;0
